date,gasolina95_pvp_eur_l,gasoleo_pvp_eur_l
2015-03-31,,1.19
2015-04-20,1.394,1.139
2015-04-21,1.4243,1.162
2015-04-22,1.4243,1.162
2015-04-23,1.4243,1.162
2015-04-24,1.4243,1.162
2015-04-25,1.4243,1.162
2015-04-26,1.4243,1.162
2015-04-27,1.4243,1.162
2015-04-28,1.4383,1.172
2015-04-29,1.4383,1.172
2015-04-30,1.4383,1.172
2015-05-01,1.4383,1.172
2015-05-02,1.4383,1.172
2015-05-03,1.4383,1.172
2015-05-04,1.449,1.1801
2015-05-05,1.449,1.1801
2015-05-06,1.449,1.1801
2015-05-07,1.449,1.1801
2015-05-08,1.449,1.1801
2015-05-09,1.449,1.1801
2015-05-10,1.449,1.1801
2015-05-11,1.4478,1.1817
2015-05-12,1.4478,1.1849
2015-05-13,1.4478,1.1849
2015-05-14,1.4478,1.1849
2015-05-15,1.4478,1.1849
2015-05-16,1.4478,1.1849
2015-05-17,1.4478,1.1849
2015-05-18,1.4484,1.1825
2015-05-19,1.4484,1.1825
2015-05-20,1.4484,1.1825
2015-05-21,1.4489,1.1875
2015-05-22,1.4489,1.1875
2015-05-23,1.4489,1.1875
2015-05-24,1.4489,1.1875
2015-05-25,1.4489,1.1875
2015-05-26,1.452,1.187
2015-05-27,1.452,1.187
2015-05-28,1.452,1.187
2015-05-29,1.452,1.187
2015-05-30,1.452,1.187
2015-05-31,1.452,1.187
2015-06-01,1.5168,1.2484
2015-06-02,1.5175,1.2461
2015-06-03,1.5173,1.2457
2015-06-04,1.5176,1.2459
2015-06-05,1.517,1.2436
2015-06-06,1.5121,1.2393
2015-06-07,1.5123,1.2396
2015-06-08,1.5191,1.2416
2015-06-09,1.5215,1.2386
2015-06-10,1.5214,1.2382
2015-06-11,1.5214,1.238
2015-06-12,1.521,1.2359
2015-06-13,1.5164,1.2319
2015-06-14,1.5166,1.2321
2015-06-15,1.5256,1.2364
2015-06-16,1.5299,1.2379
2015-06-17,1.5303,1.2376
2015-06-18,1.5304,1.2373
2015-06-19,1.5301,1.2364
2015-06-20,1.5252,1.2321
2015-06-21,1.5253,1.2324
2015-06-22,1.5311,1.2356
2015-06-23,1.5316,1.2303
2015-06-24,1.5314,1.2299
2015-06-25,1.5331,1.2391
2015-06-26,1.5325,1.2381
2015-06-27,1.5276,1.2332
2015-06-28,1.5278,1.2336
2015-06-29,1.5284,1.2384
2015-06-30,1.5211,1.2368
2015-07-01,1.5191,1.2348
2015-07-02,1.5188,1.2347
2015-07-03,1.5183,1.2341
2015-07-04,1.5138,1.2294
2015-07-05,1.5141,1.2298
2015-07-06,1.5234,1.2347
2015-07-07,1.5267,1.2327
2015-07-08,1.5262,1.2324
2015-07-09,1.526,1.2323
2015-07-10,1.5256,1.2316
2015-07-11,1.5189,1.2259
2015-07-12,1.5192,1.2261
2015-07-13,1.5379,1.2176
2015-07-14,1.5438,1.2076
2015-07-15,1.5444,1.207
2015-07-16,1.5447,1.2069
2015-07-17,1.5443,1.2062
2015-07-18,1.5399,1.2017
2015-07-19,1.54,1.2019
2015-07-20,1.5341,1.2078
2015-07-21,1.5211,1.2074
2015-07-22,1.5203,1.2071
2015-07-23,1.5202,1.207
2015-07-24,1.5197,1.2063
2015-07-25,1.5151,1.2016
2015-07-26,1.5152,1.2019
2015-07-27,1.5161,1.2038
2015-07-28,1.5092,1.197
2015-07-29,1.5086,1.1961
2015-07-30,1.5086,1.196
2015-07-31,1.5088,1.1981
2015-08-01,1.5028,1.1926
2015-08-02,1.5029,1.1929
2015-08-03,1.5012,1.1901
2015-08-04,1.4942,1.1829
2015-08-05,1.4919,1.18
2015-08-06,1.491,1.1789
2015-08-07,1.4903,1.1781
2015-08-08,1.4843,1.1726
2015-08-09,1.4846,1.1729
2015-08-10,1.4855,1.1708
2015-08-11,1.4786,1.1632
2015-08-12,1.4767,1.1613
2015-08-13,1.4762,1.1609
2015-08-14,1.4735,1.1592
2015-08-15,1.4675,1.1538
2015-08-16,1.4675,1.1541
2015-08-17,1.4607,1.1595
2015-08-18,1.4493,1.159
2015-08-19,1.448,1.1586
2015-08-20,1.4478,1.1586
2015-08-21,1.447,1.1578
2015-08-22,1.441,1.1525
2015-08-23,1.4411,1.1528
2015-08-24,1.4345,1.1546
2015-08-25,1.4176,1.1473
2015-08-26,1.4166,1.1468
2015-08-27,1.4162,1.1467
2015-08-28,1.4155,1.146
2015-08-29,1.4096,1.1406
2015-08-30,1.4095,1.1407
2015-08-31,1.3927,1.129
2015-09-01,1.3737,1.1192
2015-09-02,1.3717,1.1181
2015-09-03,1.37,1.1178
2015-09-04,0.0,0.0
2015-09-05,0.0,0.0
2015-09-06,0.0,0.0
2015-09-07,0.0,0.0
2015-09-08,0.0,0.0
2015-09-09,0.0,0.0
2015-09-10,0.0,0.0
2015-09-11,0.0,0.0
2015-09-12,0.0,0.0
2015-09-13,0.0,0.0
2015-09-14,0.0,0.0
2015-09-15,0.0,0.0
2015-09-16,0.0,0.0
2015-09-17,0.0,0.0
2015-09-18,0.0,0.0
2015-09-19,0.0,0.0
2015-09-20,0.0,0.0
2015-09-21,0.0,0.0
2015-09-22,0.0,0.0
2015-09-23,1.3623,1.1319
2015-09-24,1.3619,1.1317
2015-09-25,1.3602,1.1307
2015-09-26,1.3543,1.1254
2015-09-27,1.3546,1.1259
2015-09-28,1.3633,1.1365
2015-09-29,1.3652,1.1406
2015-09-30,1.3649,1.1405
2015-10-01,1.3648,1.1405
2015-10-02,1.363,1.1396
2015-10-03,1.3571,1.1343
2015-10-04,1.3573,1.1348
2015-10-05,1.3562,1.1388
2015-10-06,1.352,1.1369
2015-10-07,1.3515,1.1365
2015-10-08,1.3515,1.1365
2015-10-09,1.3519,1.1362
2015-10-10,1.3448,1.1285
2015-10-11,1.3453,1.1292
2015-10-12,1.3611,1.1425
2015-10-13,1.3666,1.1487
2015-10-14,1.3666,1.1488
2015-10-15,1.3668,1.149
2015-10-16,1.3663,1.1485
2015-10-17,1.3607,1.1433
2015-10-18,1.3609,1.1435
2015-10-19,1.3576,1.1376
2015-10-20,1.3443,1.1242
2015-10-21,1.3433,1.1232
2015-10-22,1.3431,1.123
2015-10-23,1.3423,1.1222
2015-10-24,1.3361,1.1164
2015-10-25,1.3365,1.1191
2015-10-26,1.337,1.1203
2015-10-27,1.3302,1.1178
2015-10-28,1.3294,1.1171
2015-10-29,1.3292,1.117
2015-10-30,1.3285,1.1142
2015-10-31,1.3226,1.1089
2015-11-01,1.3231,1.1096
2015-11-02,1.3387,1.1221
2015-11-03,1.3473,1.1303
2015-11-04,1.3478,1.1307
2015-11-05,1.3479,1.1307
2015-11-06,1.3472,1.1299
2015-11-07,1.3416,1.1248
2015-11-08,1.3423,1.1254
2015-11-09,1.3578,1.1381
2015-11-10,1.3662,1.1436
2015-11-11,1.3665,1.1439
2015-11-12,1.3667,1.144
2015-11-13,1.3663,1.1433
2015-11-14,1.3607,1.1382
2015-11-15,1.3609,1.1385
2015-11-16,1.3655,1.1405
2015-11-17,1.3633,1.1375
2015-11-18,1.3627,1.1369
2015-11-19,1.3627,1.1368
2015-11-20,1.3621,1.136
2015-11-21,1.3563,1.1308
2015-11-22,1.3566,1.1313
2015-11-23,1.3515,1.1293
2015-11-24,1.3436,1.1247
2015-11-25,1.3428,1.1242
2015-11-26,1.3427,1.1242
2015-11-27,1.3418,1.1213
2015-11-28,1.3359,1.116
2015-11-29,1.3365,1.1165
2015-11-30,1.3505,1.1252
2015-12-01,1.3543,1.1284
2015-12-02,1.3542,1.128
2015-12-03,1.3543,1.128
2015-12-04,1.3536,1.127
2015-12-05,1.3477,1.1216
2015-12-06,1.348,1.122
2015-12-07,1.348,1.119
2015-12-08,1.3403,1.1085
2015-12-09,1.339,1.1024
2015-12-10,1.3388,1.1019
2015-12-11,1.3382,1.1008
2015-12-12,1.3321,1.0952
2015-12-13,1.3323,1.0954
2015-12-14,1.3263,1.0766
2015-12-15,1.3219,1.0672
2015-12-16,1.3209,1.0645
2015-12-17,1.3209,1.0642
2015-12-18,1.3194,1.0601
2015-12-19,1.3135,1.0546
2015-12-20,1.3136,1.0546
2015-12-21,1.316,1.0397
2015-12-22,1.3116,1.0318
2015-12-23,1.3112,1.0311
2015-12-24,1.3109,1.0307
2015-12-25,1.3104,1.03
2015-12-26,1.3044,1.0246
2015-12-27,1.3048,1.025
2015-12-28,1.3091,1.0319
2015-12-29,1.307,1.0318
2015-12-30,1.3064,1.0305
2015-12-31,1.3065,1.0313
2016-01-01,1.3068,1.0314
2016-01-02,1.301,1.0262
2016-01-03,1.3013,1.0266
2016-01-04,1.3105,1.0343
2016-01-05,1.3134,1.0369
2016-01-06,1.3133,1.0367
2016-01-07,1.3134,1.037
2016-01-08,1.3129,1.0364
2016-01-09,1.3068,1.031
2016-01-10,1.3073,1.0315
2016-01-11,1.3137,1.0326
2016-01-12,1.3154,1.0299
2016-01-13,1.3154,1.0295
2016-01-14,1.3157,1.0294
2016-01-15,1.3135,1.0283
2016-01-16,1.3071,1.0224
2016-01-17,1.307,1.0224
2016-01-18,1.2944,1.0117
2016-01-19,1.2663,0.986
2016-01-20,1.265,0.9843
2016-01-21,1.2633,0.9826
2016-01-22,1.2637,0.9827
2016-01-23,1.2587,0.9784
2016-01-24,1.2586,0.9782
2016-01-25,1.2589,0.9755
2016-01-26,1.2581,0.9685
2016-01-27,1.2575,0.9669
2016-01-28,1.251,0.9645
2016-01-29,1.2509,0.9633
2016-01-30,1.248,0.9603
2016-01-31,1.2471,0.9588
2016-02-01,1.257,0.9707
2016-02-02,1.2602,0.9782
2016-02-03,1.2601,0.9783
2016-02-04,1.2603,0.9806
2016-02-05,1.2603,0.9805
2016-02-06,1.2573,0.9769
2016-02-07,1.2572,0.9771
2016-02-08,1.2539,0.9847
2016-02-09,1.2477,0.9884
2016-02-10,1.2471,0.9885
2016-02-11,1.245,0.9858
2016-02-12,1.2564,0.9982
2016-02-13,1.2979,1.037
2016-02-14,1.2985,1.0376
2016-02-15,1.2853,1.0251
2016-02-16,1.2786,1.0261
2016-02-17,1.2772,1.0258
2016-02-18,1.2774,1.026
2016-02-19,1.2772,1.0261
2016-02-20,1.2743,1.0231
2016-02-21,1.2744,1.0233
2016-02-22,1.2848,1.0367
2016-02-23,1.288,1.0447
2016-02-24,1.2881,1.045
2016-02-25,1.2906,1.0502
2016-02-26,1.2904,1.05
2016-02-27,1.2875,1.0464
2016-02-28,1.2875,1.0464
2016-02-29,1.2892,1.0493
2016-03-01,1.2875,1.0499
2016-03-02,1.2876,1.0502
2016-03-03,1.2876,1.0504
2016-03-04,1.2874,1.0501
2016-03-05,1.2845,1.0467
2016-03-06,1.2847,1.0469
2016-03-07,1.2933,1.0596
2016-03-08,1.2979,1.0673
2016-03-09,1.2986,1.0686
2016-03-10,1.2995,1.0693
2016-03-11,1.2993,1.0691
2016-03-12,1.2966,1.0657
2016-03-13,1.2971,1.0659
2016-03-14,1.3209,1.0819
2016-03-15,1.3302,1.0914
2016-03-16,1.3324,1.0946
2016-03-17,1.3334,1.0949
2016-03-18,1.3327,1.0938
2016-03-19,1.3298,1.091
2016-03-20,1.3296,1.0908
2016-03-21,1.3337,1.0941
2016-03-22,1.3347,1.0944
2016-03-23,1.3346,1.0942
2016-03-24,1.3347,1.0936
2016-03-25,1.3345,1.093
2016-03-26,1.3319,1.0904
2016-03-27,1.3323,1.0905
2016-03-28,1.3424,1.0942
2016-03-29,1.3566,1.0976
2016-03-30,1.3573,1.0979
2016-03-31,1.3574,1.0979
2016-04-01,1.3573,1.0976
2016-04-02,1.3547,1.095
2016-04-03,1.3585,1.1011
2016-04-04,1.3679,1.0992
2016-04-05,1.3757,1.0924
2016-04-06,1.3778,1.0898
2016-04-07,1.378,1.0891
2016-04-08,1.3765,1.0873
2016-04-09,1.3735,1.0843
2016-04-10,1.3735,1.0844
2016-04-11,1.3736,1.082
2016-04-12,1.3706,1.0758
2016-04-13,1.3692,1.0734
2016-04-14,1.3694,1.073
2016-04-15,1.3674,1.0724
2016-04-16,1.3643,1.0693
2016-04-17,1.3646,1.0697
2016-04-18,1.3875,1.0956
2016-04-19,1.3963,1.1053
2016-04-20,1.3965,1.1055
2016-04-21,1.3968,1.1059
2016-04-22,1.3949,1.1049
2016-04-23,1.3919,1.102
2016-04-24,1.392,1.1021
2016-04-25,1.3921,1.104
2016-04-26,1.3928,1.108
2016-04-27,1.3898,1.1108
2016-04-28,1.3895,1.1113
2016-04-29,1.3895,1.1113
2016-04-30,1.3865,1.108
2016-05-01,1.3867,1.1082
2016-05-02,1.4002,1.123
2016-05-03,1.4044,1.1301
2016-05-04,1.4046,1.1303
2016-05-05,1.4048,1.1306
2016-05-06,1.4046,1.1309
2016-05-07,1.402,1.1285
2016-05-08,1.4017,1.1284
2016-05-09,1.3981,1.128
2016-05-10,1.3867,1.123
2016-05-11,1.386,1.1229
2016-05-12,1.3842,1.1212
2016-05-13,1.381,1.117
2016-05-14,1.3755,1.1108
2016-05-15,1.3752,1.1107
2016-05-16,1.3799,1.1153
2016-05-17,1.3813,1.1175
2016-05-18,1.383,1.1184
2016-05-19,1.3847,1.1189
2016-05-20,1.3845,1.1186
2016-05-21,1.3816,1.1153
2016-05-22,1.382,1.1157
2016-05-23,1.4025,1.1391
2016-05-24,1.4079,1.1489
2016-05-25,1.4084,1.1496
2016-05-26,1.4086,1.1498
2016-05-27,1.4089,1.1499
2016-05-28,1.4052,1.1459
2016-05-29,1.4054,1.1461
2016-05-30,1.4172,1.157
2016-05-31,1.4218,1.1625
2016-06-01,1.4222,1.1631
2016-06-02,1.4224,1.1634
2016-06-03,1.4218,1.1624
2016-06-04,1.4182,1.159
2016-06-05,1.4183,1.1592
2016-06-06,1.4217,1.1629
2016-06-07,1.4223,1.1643
2016-06-08,1.4222,1.1644
2016-06-09,1.4222,1.1648
2016-06-10,1.4209,1.1629
2016-06-11,1.4182,1.1602
2016-06-12,1.4182,1.1602
2016-06-13,1.4182,1.1634
2016-06-14,1.4107,1.1646
2016-06-15,1.4092,1.1648
2016-06-16,1.4093,1.165
2016-06-17,1.4082,1.1641
2016-06-18,1.4052,1.1612
2016-06-19,1.4049,1.1608
2016-06-20,1.406,1.1609
2016-06-21,1.4025,1.1576
2016-06-22,1.4018,1.1572
2016-06-23,1.4002,1.1567
2016-06-24,1.4,1.1562
2016-06-25,1.3961,1.1523
2016-06-26,1.3964,1.1525
2016-06-27,1.4081,1.1581
2016-06-28,1.4135,1.1606
2016-06-29,1.413,1.1559
2016-06-30,1.4134,1.1561
2016-07-01,1.4133,1.1557
2016-07-02,1.41,1.1522
2016-07-03,1.4098,1.1522
2016-07-04,1.4096,1.1557
2016-07-05,1.4023,1.156
2016-07-06,1.4002,1.1548
2016-07-07,1.4001,1.1548
2016-07-08,1.3991,1.1535
2016-07-09,1.3955,1.1498
2016-07-10,1.3954,1.1498
2016-07-11,1.3907,1.151
2016-07-12,1.3783,1.1455
2016-07-13,1.3769,1.1447
2016-07-14,1.3767,1.1447
2016-07-15,1.3739,1.1416
2016-07-16,1.3724,1.1403
2016-07-17,1.3725,1.1404
2016-07-18,1.3743,1.1392
2016-07-19,1.3717,1.1343
2016-07-20,1.3693,1.1331
2016-07-21,1.3686,1.1324
2016-07-22,1.366,1.1291
2016-07-23,1.3628,1.1256
2016-07-24,1.3644,1.1278
2016-07-25,1.3679,1.1317
2016-07-26,1.368,1.1318
2016-07-27,1.3676,1.1315
2016-07-28,1.3676,1.1319
2016-07-29,1.3655,1.1296
2016-07-30,1.3624,1.1263
2016-07-31,1.3633,1.1273
2016-08-01,1.3626,1.1249
2016-08-02,1.3587,1.1169
2016-08-03,1.3577,1.1156
2016-08-04,1.3576,1.1154
2016-08-05,1.3573,1.1149
2016-08-06,1.3524,1.1093
2016-08-07,1.3529,1.1099
2016-08-08,1.3527,1.107
2016-08-09,1.3502,1.1
2016-08-10,1.3498,1.0991
2016-08-11,1.3499,1.0989
2016-08-12,1.3493,1.098
2016-08-13,1.3448,1.0933
2016-08-14,1.346,1.0948
2016-08-15,1.3549,1.1116
2016-08-16,1.3569,1.1163
2016-08-17,1.3573,1.1175
2016-08-18,1.3575,1.1178
2016-08-19,1.3579,1.1185
2016-08-20,1.3532,1.1133
2016-08-21,1.3533,1.1135
2016-08-22,1.3714,1.1373
2016-08-23,1.3752,1.1425
2016-08-24,1.3752,1.1438
2016-08-25,1.3758,1.1449
2016-08-26,1.376,1.1448
2016-08-27,1.371,1.1391
2016-08-28,1.371,1.1389
2016-08-29,1.3816,1.1468
2016-08-30,1.3849,1.1512
2016-08-31,1.3851,1.1512
2016-09-01,1.3853,1.1513
2016-09-02,1.3853,1.1512
2016-09-03,1.3807,1.1461
2016-09-04,1.3806,1.146
2016-09-05,1.3791,1.1465
2016-09-06,1.3709,1.1411
2016-09-07,1.3698,1.14
2016-09-08,1.3659,1.1377
2016-09-09,1.3652,1.137
2016-09-10,1.3595,1.1308
2016-09-11,1.3628,1.132
2016-09-12,1.3695,1.1356
2016-09-13,1.3738,1.1377
2016-09-14,1.374,1.1372
2016-09-15,1.3746,1.1374
2016-09-16,1.3746,1.1371
2016-09-17,1.371,1.1334
2016-09-18,1.3708,1.1333
2016-09-19,1.3746,1.1359
2016-09-20,1.3743,1.1336
2016-09-21,1.3742,1.1331
2016-09-22,1.374,1.133
2016-09-23,1.374,1.1327
2016-09-24,1.3707,1.128
2016-09-25,1.3708,1.1282
2016-09-26,1.3732,1.1351
2016-09-27,1.3731,1.1392
2016-09-28,1.3728,1.1391
2016-09-29,1.3729,1.1392
2016-09-30,1.3718,1.1379
2016-10-01,1.3682,1.1343
2016-10-02,1.3684,1.1345
2016-10-03,1.3742,1.1405
2016-10-04,1.3775,1.144
2016-10-05,1.3774,1.1441
2016-10-06,1.3777,1.1444
2016-10-07,1.3777,1.1443
2016-10-08,1.3746,1.1398
2016-10-09,1.3749,1.1401
2016-10-10,1.3969,1.1663
2016-10-11,1.4032,1.175
2016-10-12,1.4037,1.1754
2016-10-13,1.4039,1.1766
2016-10-14,1.4038,1.1765
2016-10-15,1.3996,1.1714
2016-10-16,1.3995,1.1715
2016-10-17,1.4038,1.1815
2016-10-18,1.4075,1.1879
2016-10-19,1.4075,1.1879
2016-10-20,1.4081,1.1882
2016-10-21,1.4078,1.1874
2016-10-22,1.4047,1.1825
2016-10-23,1.4049,1.1829
2016-10-24,1.4083,1.1873
2016-10-25,1.4085,1.1888
2016-10-26,1.4084,1.1887
2016-10-27,1.4079,1.188
2016-10-28,1.407,1.1861
2016-10-29,1.4039,1.1827
2016-10-30,1.4041,1.1831
2016-10-31,1.4077,1.1886
2016-11-01,1.4077,1.1909
2016-11-02,1.4085,1.1928
2016-11-03,1.4087,1.1932
2016-11-04,1.4081,1.1925
2016-11-05,1.4048,1.1887
2016-11-06,1.4034,1.1876
2016-11-07,1.397,1.1761
2016-11-08,1.3891,1.1655
2016-11-09,1.3883,1.164
2016-11-10,1.3868,1.1626
2016-11-11,1.3858,1.1612
2016-11-12,1.3825,1.1577
2016-11-13,1.3826,1.1581
2016-11-14,1.3789,1.1591
2016-11-15,1.3721,1.155
2016-11-16,1.3715,1.1543
2016-11-17,1.3712,1.1506
2016-11-18,1.3691,1.1447
2016-11-19,1.366,1.1366
2016-11-20,1.3662,1.1369
2016-11-21,1.3708,1.1424
2016-11-22,1.3728,1.1469
2016-11-23,1.3726,1.1466
2016-11-24,1.3728,1.1468
2016-11-25,1.3711,1.1446
2016-11-26,1.3679,1.1412
2016-11-27,1.3684,1.1417
2016-11-28,1.394,1.1659
2016-11-29,1.3987,1.171
2016-11-30,1.3987,1.1707
2016-12-01,1.3982,1.1702
2016-12-02,1.3978,1.1709
2016-12-03,1.3945,1.1675
2016-12-04,1.3946,1.1676
2016-12-05,1.4055,1.1759
2016-12-06,1.4116,1.182
2016-12-07,1.4126,1.1829
2016-12-08,1.4114,1.1812
2016-12-09,1.4107,1.1803
2016-12-10,1.4077,1.1771
2016-12-11,1.4082,1.1776
2016-12-12,1.4201,1.1885
2016-12-13,1.4251,1.1952
2016-12-14,1.4252,1.1953
2016-12-15,1.4253,1.1955
2016-12-16,1.4248,1.1921
2016-12-17,1.4218,1.1888
2016-12-18,1.4221,1.1893
2016-12-19,1.433,1.2021
2016-12-20,1.4385,1.2092
2016-12-21,1.4392,1.2093
2016-12-22,1.4393,1.2095
2016-12-23,1.439,1.209
2016-12-24,1.4382,1.208
2016-12-25,1.4388,1.2086
2016-12-26,1.4444,1.2131
2016-12-27,1.4495,1.2165
2016-12-28,1.4501,1.2177
2016-12-29,1.4504,1.2181
2016-12-30,1.45,1.2175
2016-12-31,1.4492,1.2165
2017-01-01,1.4593,1.2379
2017-01-02,1.463,1.2547
2017-01-03,1.4656,1.2754
2017-01-04,1.4668,1.2778
2017-01-05,1.467,1.2782
2017-01-06,1.4668,1.2782
2017-01-07,1.4637,1.275
2017-01-08,1.4638,1.275
2017-01-09,1.4677,1.2776
2017-01-10,1.4707,1.2753
2017-01-11,1.4721,1.2763
2017-01-12,1.4728,1.2765
2017-01-13,1.4728,1.2762
2017-01-14,1.4694,1.2727
2017-01-15,1.4694,1.2727
2017-01-16,1.4833,1.2888
2017-01-17,1.4884,1.2851
2017-01-18,1.4976,1.2898
2017-01-19,1.4976,1.2898
2017-01-20,1.4973,1.2884
2017-01-21,1.4942,1.2846
2017-01-22,1.4944,1.2848
2017-01-23,1.4981,1.287
2017-01-24,1.4984,1.2865
2017-01-25,1.5099,1.3888
2017-01-26,1.4948,1.2821
2017-01-27,1.5027,1.2841
2017-01-28,1.4995,1.28
2017-01-29,1.4996,1.2801
2017-01-30,1.4904,1.263
2017-01-31,1.4905,1.263
2017-02-01,1.4908,1.2637
2017-02-02,1.4909,1.2638
2017-02-03,1.4898,1.2622
2017-02-04,1.4872,1.2589
2017-02-05,1.4872,1.2591
2017-02-06,1.4933,1.2656
2017-02-07,1.4961,1.2722
2017-02-08,1.4951,1.2721
2017-02-09,1.4953,1.2724
2017-02-10,1.4941,1.2707
2017-02-11,1.4907,1.2669
2017-02-12,1.4908,1.2671
2017-02-13,1.4945,1.2735
2017-02-14,1.4961,1.2746
2017-02-15,1.4959,1.2743
2017-02-16,1.4976,1.2733
2017-02-17,1.4975,1.2717
2017-02-18,1.4941,1.2678
2017-02-19,1.494,1.2679
2017-02-20,1.4976,1.2736
2017-02-21,1.5006,1.2754
2017-02-22,1.5004,1.275
2017-02-23,1.5002,1.2736
2017-02-24,1.4986,1.2714
2017-02-25,1.4953,1.2675
2017-02-26,1.4955,1.2679
2017-02-27,1.4983,1.2743
2017-02-28,1.4979,1.2758
2017-03-01,1.4973,1.2758
2017-03-02,1.499,1.2781
2017-03-03,1.4987,1.2777
2017-03-04,1.4951,1.2733
2017-03-05,1.4951,1.2735
2017-03-06,1.4923,1.277
2017-03-07,1.487,1.2749
2017-03-08,1.4864,1.2746
2017-03-09,1.4864,1.2747
2017-03-10,1.486,1.2729
2017-03-11,1.4826,1.2691
2017-03-12,1.4826,1.2691
2017-03-13,1.4823,1.2687
2017-03-14,1.4722,1.2592
2017-03-15,1.4706,1.258
2017-03-16,1.4696,1.2579
2017-03-17,1.4693,1.2573
2017-03-18,1.4658,1.2534
2017-03-19,1.4655,1.2533
2017-03-20,1.4598,1.2463
2017-03-21,1.4533,1.2374
2017-03-22,1.4477,1.2344
2017-03-23,1.4478,1.2344
2017-03-24,1.4473,1.2337
2017-03-25,1.4439,1.2298
2017-03-26,1.444,1.23
2017-03-27,1.4482,1.2326
2017-03-28,1.4514,1.2285
2017-03-29,1.4513,1.228
2017-03-30,1.4514,1.2279
2017-03-31,1.4512,1.2281
2017-04-01,1.4479,1.2242
2017-04-02,1.4483,1.2246
2017-04-03,1.4614,1.2335
2017-04-04,1.4669,1.235
2017-04-05,1.4673,1.2347
2017-04-06,1.466,1.2348
2017-04-07,1.4659,1.2344
2017-04-08,1.4626,1.2306
2017-04-09,1.463,1.2307
2017-04-10,1.4789,1.2434
2017-04-11,1.484,1.2487
2017-04-12,1.4845,1.2488
2017-04-13,1.4848,1.249
2017-04-14,1.4852,1.2484
2017-04-15,1.481,1.2439
2017-04-16,1.4811,1.2443
2017-04-17,1.4912,1.2593
2017-04-18,1.4959,1.265
2017-04-19,1.496,1.2651
2017-04-20,1.4965,1.2654
2017-04-21,1.4964,1.2652
2017-04-22,1.492,1.2607
2017-04-23,1.4919,1.2608
2017-04-24,1.4892,1.2572
2017-04-25,1.4854,1.2555
2017-04-26,1.4836,1.254
2017-04-27,1.482,1.2531
2017-04-28,1.482,1.2528
2017-04-29,1.4776,1.2483
2017-04-30,1.4776,1.2484
2017-05-01,1.4714,1.242
2017-05-02,1.4637,1.2354
2017-05-03,1.4595,1.231
2017-05-04,1.4584,1.2299
2017-05-05,1.4581,1.2293
2017-05-06,1.4538,1.2247
2017-05-07,1.4537,1.2247
2017-05-08,1.4459,1.2161
2017-05-09,1.4377,1.208
2017-05-10,1.4347,1.2067
2017-05-11,1.4346,1.2066
2017-05-12,1.4339,1.2057
2017-05-13,1.4294,1.2011
2017-05-14,1.4296,1.2012
2017-05-15,1.4357,1.2067
2017-05-16,1.4425,1.2084
2017-05-17,1.4425,1.2081
2017-05-18,1.4426,1.2083
2017-05-19,1.4424,1.2078
2017-05-20,1.4382,1.2034
2017-05-21,1.4384,1.2036
2017-05-22,1.4492,1.2149
2017-05-23,1.4529,1.22
2017-05-24,1.453,1.22
2017-05-25,1.4532,1.2202
2017-05-26,1.4534,1.2201
2017-05-27,1.4494,1.2158
2017-05-28,1.4494,1.216
2017-05-29,1.4542,1.2248
2017-05-30,1.4545,1.2261
2017-05-31,1.4544,1.2261
2017-06-01,1.4542,1.226
2017-06-02,1.4538,1.2247
2017-06-03,1.4498,1.2201
2017-06-04,1.4499,1.2201
2017-06-05,1.4528,1.2174
2017-06-06,1.4468,1.2046
2017-06-07,1.4461,1.2026
2017-06-08,1.446,1.2018
2017-06-09,1.4456,1.2012
2017-06-10,1.4415,1.1968
2017-06-11,1.4415,1.1968
2017-06-12,1.4372,1.1895
2017-06-13,1.4363,1.1889
2017-06-14,1.4357,1.1878
2017-06-15,1.4356,1.1872
2017-06-16,1.4341,1.1858
2017-06-17,1.4299,1.1813
2017-06-18,1.4297,1.1813
2017-06-19,1.4275,1.1859
2017-06-20,1.4223,1.1848
2017-06-21,1.4218,1.1845
2017-06-22,1.4218,1.1844
2017-06-23,1.4214,1.1838
2017-06-24,1.4173,1.1795
2017-06-25,1.4173,1.1796
2017-06-26,1.4196,1.1824
2017-06-27,1.4151,1.1798
2017-06-28,1.4145,1.1792
2017-06-29,1.4144,1.1792
2017-06-30,1.4135,1.178
2017-07-01,1.4093,1.1735
2017-07-02,1.4094,1.1737
2017-07-03,1.4136,1.1804
2017-07-04,1.414,1.1837
2017-07-05,1.4134,1.1835
2017-07-06,1.4135,1.1837
2017-07-07,1.4132,1.1832
2017-07-08,1.4086,1.1786
2017-07-09,1.409,1.1791
2017-07-10,1.4201,1.1958
2017-07-11,1.4218,1.198
2017-07-12,1.4217,1.198
2017-07-13,1.4218,1.1981
2017-07-14,1.4214,1.1976
2017-07-15,1.4172,1.1932
2017-07-16,1.4174,1.1934
2017-07-17,1.4209,1.1967
2017-07-18,1.4201,1.1934
2017-07-19,1.4198,1.1931
2017-07-20,1.4199,1.1932
2017-07-21,1.4195,1.1925
2017-07-22,1.4155,1.188
2017-07-23,1.4158,1.1885
2017-07-24,1.4248,1.1975
2017-07-25,1.4243,1.1986
2017-07-26,1.4239,1.1985
2017-07-27,1.424,1.1986
2017-07-28,1.4237,1.1983
2017-07-29,1.4196,1.1944
2017-07-30,1.4197,1.1947
2017-07-31,1.424,1.201
2017-08-01,1.4256,1.206
2017-08-02,1.4255,1.2061
2017-08-03,1.4257,1.2064
2017-08-04,1.4254,1.206
2017-08-05,1.4204,1.2005
2017-08-06,1.4206,1.2007
2017-08-07,1.4321,1.2116
2017-08-08,1.437,1.2162
2017-08-09,1.4367,1.2158
2017-08-10,1.4369,1.216
2017-08-11,1.4369,1.2159
2017-08-12,1.4328,1.2115
2017-08-13,1.4329,1.2117
2017-08-14,1.4375,1.2156
2017-08-15,1.4377,1.2143
2017-08-16,1.4375,1.214
2017-08-17,1.4376,1.214
2017-08-18,1.4374,1.2137
2017-08-19,1.4359,1.2119
2017-08-20,1.4362,1.2123
2017-08-21,1.4364,1.2115
2017-08-22,1.4334,1.2098
2017-08-23,1.4332,1.2096
2017-08-24,1.4332,1.2094
2017-08-25,1.4312,1.2072
2017-08-26,1.4298,1.2054
2017-08-27,1.43,1.2057
2017-08-28,1.4347,1.2086
2017-08-29,1.4366,1.2076
2017-08-30,1.4363,1.2073
2017-08-31,1.4364,1.2074
2017-09-01,1.4363,1.207
2017-09-02,1.433,1.2037
2017-09-03,1.4339,1.2041
2017-09-04,1.4576,1.216
2017-09-05,1.4638,1.22
2017-09-06,1.4646,1.2191
2017-09-07,1.4651,1.219
2017-09-08,1.4606,1.2139
2017-09-09,1.4629,1.2146
2017-09-10,1.4632,1.215
2017-09-11,1.4705,1.2306
2017-09-12,1.4669,1.2345
2017-09-13,1.4669,1.234
2017-09-14,1.467,1.2342
2017-09-15,1.4668,1.2339
2017-09-16,1.4625,1.229
2017-09-17,1.4623,1.2291
2017-09-18,1.4615,1.2343
2017-09-19,1.4635,1.2351
2017-09-20,1.463,1.2351
2017-09-21,1.4632,1.2354
2017-09-22,1.4627,1.2349
2017-09-23,1.4586,1.2305
2017-09-24,1.4586,1.2311
2017-09-25,1.4579,1.2383
2017-09-26,1.4545,1.2401
2017-09-27,1.4534,1.24
2017-09-28,1.4535,1.2402
2017-09-29,1.4532,1.2398
2017-09-30,1.4492,1.2357
2017-10-01,1.4494,1.2361
2017-10-02,1.452,1.2553
2017-10-03,1.452,1.2571
2017-10-04,1.4516,1.257
2017-10-05,1.4517,1.2571
2017-10-06,1.4514,1.2568
2017-10-07,1.4474,1.2525
2017-10-08,1.4474,1.2527
2017-10-09,1.4457,1.2496
2017-10-10,1.4456,1.2486
2017-10-11,1.4454,1.2491
2017-10-12,1.4454,1.2491
2017-10-13,1.445,1.2486
2017-10-14,1.4408,1.2442
2017-10-15,1.4407,1.2442
2017-10-16,1.4464,1.2476
2017-10-17,1.4476,1.247
2017-10-18,1.4462,1.2454
2017-10-19,1.4462,1.2453
2017-10-20,1.4457,1.2449
2017-10-21,1.4417,1.2406
2017-10-22,1.4417,1.2408
2017-10-23,1.4472,1.2508
2017-10-24,1.4471,1.2534
2017-10-25,1.4476,1.2546
2017-10-26,1.4475,1.2547
2017-10-27,1.4471,1.2542
2017-10-28,1.4429,1.2498
2017-10-29,1.4431,1.2499
2017-10-30,1.4553,1.2547
2017-10-31,1.4592,1.2551
2017-11-01,1.4594,1.2549
2017-11-02,1.4597,1.2552
2017-11-03,1.4596,1.2547
2017-11-04,1.4555,1.2504
2017-11-05,1.4561,1.2508
2017-11-06,1.4809,1.2659
2017-11-07,1.4861,1.2692
2017-11-08,1.4869,1.2696
2017-11-09,1.4873,1.2699
2017-11-10,1.4874,1.2695
2017-11-11,1.4831,1.2651
2017-11-12,1.4838,1.2657
2017-11-13,1.511,1.2826
2017-11-14,1.5163,1.2849
2017-11-15,1.5167,1.2848
2017-11-16,1.5176,1.2848
2017-11-17,1.5175,1.2843
2017-11-18,1.5134,1.2798
2017-11-19,1.5131,1.2799
2017-11-20,1.503,1.2786
2017-11-21,1.4958,1.2769
2017-11-22,1.4952,1.2767
2017-11-23,1.495,1.2767
2017-11-24,1.4946,1.2763
2017-11-25,1.4903,1.2718
2017-11-26,1.4904,1.272
2017-11-27,1.493,1.2795
2017-11-28,1.49,1.281
2017-11-29,1.4897,1.281
2017-11-30,1.4898,1.281
2017-12-01,1.4892,1.2798
2017-12-02,1.4851,1.2755
2017-12-03,1.4852,1.2757
2017-12-04,1.4896,1.2805
2017-12-05,1.4896,1.2805
2017-12-06,1.4893,1.2803
2017-12-07,1.4895,1.2804
2017-12-08,1.4891,1.2798
2017-12-09,1.4851,1.2757
2017-12-10,1.4852,1.276
2017-12-11,1.4849,1.2776
2017-12-12,1.4778,1.2756
2017-12-13,1.477,1.2758
2017-12-14,1.4769,1.2757
2017-12-15,1.4765,1.2753
2017-12-16,1.4721,1.2708
2017-12-17,1.4721,1.2709
2017-12-18,1.4817,1.2809
2017-12-19,1.4839,1.2843
2017-12-20,1.4842,1.2844
2017-12-21,1.4844,1.2846
2017-12-22,1.4843,1.2841
2017-12-23,1.4796,1.2793
2017-12-24,1.4799,1.2796
2017-12-25,1.485,1.2852
2017-12-26,1.4888,1.2877
2017-12-27,1.4891,1.2878
2017-12-28,1.4896,1.2896
2017-12-29,1.4893,1.2892
2017-12-30,1.4852,1.285
2017-12-31,1.4855,1.2852
2018-01-01,1.5095,1.3207
2018-01-02,1.5171,1.3261
2018-01-03,1.522,1.3322
2018-01-04,1.5228,1.3333
2018-01-05,1.5226,1.333
2018-01-06,1.5185,1.3285
2018-01-07,1.5186,1.3287
2018-01-08,1.5227,1.335
2018-01-09,1.5228,1.3356
2018-01-10,1.5225,1.3355
2018-01-11,1.5227,1.3356
2018-01-12,1.5225,1.3354
2018-01-13,1.5184,1.3305
2018-01-14,1.5187,1.3308
2018-01-15,1.5335,1.3417
2018-01-16,1.5343,1.3434
2018-01-17,1.5341,1.3432
2018-01-18,1.5332,1.3426
2018-01-19,1.5255,1.3365
2018-01-20,1.5218,1.3324
2018-01-21,1.525,1.3344
2018-01-22,1.5173,1.3224
2018-01-23,1.5127,1.3187
2018-01-24,1.5115,1.3185
2018-01-25,1.5116,1.3186
2018-01-26,1.5087,1.3156
2018-01-27,1.5055,1.3117
2018-01-28,1.5061,1.3123
2018-01-29,1.5171,1.3197
2018-01-30,1.519,1.3209
2018-01-31,1.516,1.3131
2018-02-01,1.5188,1.315
2018-02-02,1.5149,1.3126
2018-02-03,1.5116,1.3088
2018-02-04,1.5117,1.309
2018-02-05,1.5162,1.3114
2018-02-06,1.5149,1.3096
2018-02-07,1.514,1.3086
2018-02-08,1.514,1.3085
2018-02-09,1.5136,1.3079
2018-02-10,1.5099,1.3028
2018-02-11,1.5099,1.3029
2018-02-12,1.5049,1.2967
2018-02-13,1.5025,1.2938
2018-02-14,1.5007,1.292
2018-02-15,1.4986,1.2908
2018-02-16,1.4981,1.2901
2018-02-17,1.4946,1.2859
2018-02-18,1.4943,1.2856
2018-02-19,1.4856,1.2773
2018-02-20,1.4648,1.2519
2018-02-21,1.4625,1.2498
2018-02-22,1.4601,1.2493
2018-02-23,1.4596,1.2485
2018-02-24,1.4553,1.2433
2018-02-25,1.4555,1.2438
2018-02-26,1.4657,1.2629
2018-02-27,1.4674,1.2669
2018-02-28,1.4673,1.2669
2018-03-01,1.4672,1.2663
2018-03-02,1.4635,1.2634
2018-03-03,1.4596,1.2587
2018-03-04,1.4599,1.259
2018-03-05,1.463,1.2634
2018-03-06,1.4654,1.265
2018-03-07,1.4652,1.2648
2018-03-08,1.4654,1.2652
2018-03-09,1.465,1.2645
2018-03-10,1.4612,1.2601
2018-03-11,1.4613,1.2605
2018-03-12,1.4596,1.2623
2018-03-13,1.4511,1.2578
2018-03-14,1.4489,1.2561
2018-03-15,1.4488,1.256
2018-03-16,1.4484,1.2553
2018-03-17,1.4441,1.2502
2018-03-18,1.4443,1.2502
2018-03-19,1.4567,1.2548
2018-03-20,1.4609,1.2556
2018-03-21,1.4615,1.2553
2018-03-22,1.4616,1.2555
2018-03-23,1.4613,1.2548
2018-03-24,1.4579,1.2508
2018-03-25,1.4586,1.2515
2018-03-26,1.4905,1.2747
2018-03-27,1.4948,1.2771
2018-03-28,1.4954,1.2771
2018-03-29,1.4957,1.2773
2018-03-30,1.495,1.2762
2018-03-31,1.4916,1.2722
2018-04-01,1.4925,1.2731
2018-04-02,1.5048,1.284
2018-04-03,1.5084,1.2873
2018-04-04,1.5102,1.2886
2018-04-05,1.5106,1.2889
2018-04-06,1.5102,1.2881
2018-04-07,1.5069,1.2842
2018-04-08,1.507,1.2845
2018-04-09,1.5086,1.2892
2018-04-10,1.5059,1.2897
2018-04-11,1.5058,1.2895
2018-04-12,1.5058,1.2896
2018-04-13,1.5021,1.2868
2018-04-14,1.4987,1.2828
2018-04-15,1.4987,1.283
2018-04-16,1.5139,1.3021
2018-04-17,1.5161,1.3043
2018-04-18,1.5157,1.3038
2018-04-19,1.5159,1.3041
2018-04-20,1.5142,1.3027
2018-04-21,1.5108,1.2987
2018-04-22,1.5112,1.2992
2018-04-23,1.521,1.308
2018-04-24,1.5236,1.3098
2018-04-25,1.5238,1.3097
2018-04-26,1.5241,1.3098
2018-04-27,1.5239,1.3092
2018-04-28,1.5207,1.3057
2018-04-29,1.5211,1.3061
2018-04-30,1.5403,1.3245
2018-05-01,1.5429,1.3266
2018-05-02,1.5445,1.3288
2018-05-03,1.5448,1.3291
2018-05-04,1.5449,1.3287
2018-05-05,1.5414,1.3244
2018-05-06,1.5416,1.3247
2018-05-07,1.547,1.33
2018-05-08,1.5482,1.3308
2018-05-09,1.548,1.3305
2018-05-10,1.5481,1.3306
2018-05-11,1.5479,1.3301
2018-05-12,1.5446,1.3262
2018-05-13,1.545,1.3267
2018-05-14,1.5644,1.3476
2018-05-15,1.569,1.3526
2018-05-16,1.5699,1.3528
2018-05-17,1.5701,1.3531
2018-05-18,1.5698,1.3527
2018-05-19,1.5663,1.3484
2018-05-20,1.5666,1.3488
2018-05-21,1.578,1.3606
2018-05-22,1.5887,1.373
2018-05-23,1.591,1.3734
2018-05-24,1.5912,1.3734
2018-05-25,1.5911,1.373
2018-05-26,1.5877,1.3689
2018-05-27,1.5881,1.3694
2018-05-28,1.6014,1.3829
2018-05-29,1.6026,1.3846
2018-05-30,1.6028,1.3847
2018-05-31,1.6028,1.3848
2018-06-01,1.6025,1.3842
2018-06-02,1.5991,1.3803
2018-06-03,1.5994,1.3806
2018-06-04,1.5986,1.3824
2018-06-05,1.5928,1.3781
2018-06-06,1.5924,1.3777
2018-06-07,1.5921,1.3777
2018-06-08,1.5917,1.377
2018-06-09,1.5877,1.3725
2018-06-10,1.5879,1.3728
2018-06-11,1.5826,1.364
2018-06-12,1.5786,1.3608
2018-06-13,1.5772,1.359
2018-06-14,1.5771,1.3589
2018-06-15,1.5769,1.3585
2018-06-16,1.5758,1.357
2018-06-17,1.5761,1.3574
2018-06-18,1.577,1.3609
2018-06-19,1.5773,1.3614
2018-06-20,1.5771,1.3612
2018-06-21,1.5773,1.3611
2018-06-22,1.5765,1.3603
2018-06-23,1.5731,1.3562
2018-06-24,1.5733,1.3564
2018-06-25,1.5728,1.3591
2018-06-26,1.5673,1.3551
2018-06-27,1.5666,1.3543
2018-06-28,1.5666,1.3542
2018-06-29,1.5662,1.3538
2018-06-30,1.5626,1.3495
2018-07-01,1.563,1.3499
2018-07-02,1.574,1.3582
2018-07-03,1.5769,1.3601
2018-07-04,1.5773,1.3597
2018-07-05,1.5774,1.3598
2018-07-06,1.5769,1.3591
2018-07-07,1.5737,1.3554
2018-07-08,1.5742,1.3559
2018-07-09,1.5794,1.3612
2018-07-10,1.5814,1.3626
2018-07-11,1.5813,1.3624
2018-07-12,1.5815,1.3625
2018-07-13,1.5812,1.362
2018-07-14,1.5779,1.3581
2018-07-15,1.578,1.3582
2018-07-16,1.5812,1.3615
2018-07-17,1.5806,1.3595
2018-07-18,1.5803,1.3592
2018-07-19,1.5804,1.3593
2018-07-20,1.58,1.3587
2018-07-21,1.5766,1.3547
2018-07-22,1.5767,1.3549
2018-07-23,1.5721,1.3491
2018-07-24,1.5696,1.3459
2018-07-25,1.5668,1.3452
2018-07-26,1.5658,1.3451
2018-07-27,1.5653,1.3445
2018-07-28,1.5616,1.3401
2018-07-29,1.562,1.3405
2018-07-30,1.5852,1.3579
2018-07-31,1.5887,1.3598
2018-08-01,1.5899,1.3606
2018-08-02,1.5924,1.3609
2018-08-03,1.5921,1.3604
2018-08-04,1.5887,1.3564
2018-08-05,1.5889,1.3567
2018-08-06,1.597,1.3599
2018-08-07,1.5995,1.3578
2018-08-08,1.6006,1.3569
2018-08-09,1.6006,1.3568
2018-08-10,1.6002,1.3561
2018-08-11,1.5967,1.352
2018-08-12,1.597,1.3524
2018-08-13,1.5964,1.359
2018-08-14,1.593,1.3606
2018-08-15,1.5928,1.3606
2018-08-16,1.5928,1.3608
2018-08-17,1.5924,1.3601
2018-08-18,1.589,1.356
2018-08-19,1.5891,1.3562
2018-08-20,1.5918,1.3596
2018-08-21,1.5928,1.3615
2018-08-22,1.5926,1.3612
2018-08-23,1.5928,1.3614
2018-08-24,1.5924,1.3608
2018-08-25,1.589,1.3566
2018-08-26,1.5893,1.357
2018-08-27,1.5951,1.3639
2018-08-28,1.5963,1.3658
2018-08-29,1.5963,1.3658
2018-08-30,1.5962,1.3659
2018-08-31,1.5959,1.3653
2018-09-01,1.5925,1.3614
2018-09-02,1.5947,1.3635
2018-09-03,1.606,1.3788
2018-09-04,1.6072,1.3812
2018-09-05,1.6071,1.3812
2018-09-06,1.6072,1.3813
2018-09-07,1.6068,1.3808
2018-09-08,1.6029,1.3762
2018-09-09,1.603,1.3765
2018-09-10,1.6038,1.3828
2018-09-11,1.5996,1.3848
2018-09-12,1.5993,1.3847
2018-09-13,1.5992,1.3847
2018-09-14,1.5988,1.3842
2018-09-15,1.5948,1.38
2018-09-16,1.5949,1.3802
2018-09-17,1.5963,1.385
2018-09-18,1.5915,1.385
2018-09-19,1.5911,1.385
2018-09-20,1.5902,1.385
2018-09-21,1.5896,1.3841
2018-09-22,1.5862,1.3803
2018-09-23,1.5864,1.3806
2018-09-24,1.5867,1.3836
2018-09-25,1.5812,1.3824
2018-09-26,1.5805,1.3821
2018-09-27,1.5804,1.3821
2018-09-28,1.5799,1.3814
2018-09-29,1.5754,1.3761
2018-09-30,1.5757,1.3767
2018-10-01,1.5872,1.3983
2018-10-02,1.5886,1.4028
2018-10-03,1.5886,1.4032
2018-10-04,1.5885,1.4036
2018-10-05,1.5881,1.4029
2018-10-06,1.5845,1.3988
2018-10-07,1.5849,1.3995
2018-10-08,1.605,1.4296
2018-10-09,1.6077,1.4353
2018-10-10,1.6081,1.4361
2018-10-11,1.6082,1.4363
2018-10-12,1.6078,1.4357
2018-10-13,1.6041,1.4315
2018-10-14,1.6044,1.432
2018-10-15,1.5975,1.4347
2018-10-16,1.5853,1.4332
2018-10-17,1.5836,1.4329
2018-10-18,1.5831,1.4328
2018-10-19,1.5825,1.4322
2018-10-20,1.5786,1.428
2018-10-21,1.5787,1.4283
2018-10-22,1.5736,1.4257
2018-10-23,1.5673,1.4189
2018-10-24,1.5654,1.4174
2018-10-25,1.5649,1.4172
2018-10-26,1.5642,1.4163
2018-10-27,1.5604,1.4119
2018-10-28,1.5606,1.4123
2018-10-29,1.5616,1.4178
2018-10-30,1.5563,1.4199
2018-10-31,1.556,1.4199
2018-11-01,1.5559,1.4199
2018-11-02,1.5553,1.4191
2018-11-03,1.5516,1.4149
2018-11-04,1.5517,1.4152
2018-11-05,1.5533,1.4187
2018-11-06,1.5507,1.4174
2018-11-07,1.5492,1.4169
2018-11-08,1.5489,1.4165
2018-11-09,1.5483,1.4155
2018-11-10,1.5445,1.4109
2018-11-11,1.5446,1.4112
2018-11-12,1.5317,1.4036
2018-11-13,1.5206,1.3985
2018-11-14,1.5184,1.3976
2018-11-15,1.5169,1.3973
2018-11-16,1.5161,1.3963
2018-11-17,1.5119,1.3917
2018-11-18,1.5117,1.3915
2018-11-19,1.5107,1.391
2018-11-20,1.5041,1.3851
2018-11-21,1.5036,1.3847
2018-11-22,1.5032,1.3844
2018-11-23,1.5025,1.3834
2018-11-24,1.4988,1.3792
2018-11-25,1.4989,1.3794
2018-11-26,1.4814,1.3636
2018-11-27,1.467,1.3517
2018-11-28,1.4644,1.3493
2018-11-29,1.4636,1.3487
2018-11-30,1.4629,1.3477
2018-12-01,1.4589,1.3429
2018-12-02,1.459,1.343
2018-12-03,1.4483,1.3311
2018-12-04,1.4383,1.3209
2018-12-05,1.4374,1.3188
2018-12-06,1.436,1.3154
2018-12-07,1.4353,1.3144
2018-12-08,1.4309,1.3094
2018-12-09,1.4312,1.3097
2018-12-10,1.4351,1.3142
2018-12-11,1.4363,1.3154
2018-12-12,1.4358,1.3145
2018-12-13,1.4358,1.3145
2018-12-14,1.4354,1.3137
2018-12-15,1.4312,1.3087
2018-12-16,1.4314,1.3089
2018-12-17,1.435,1.3098
2018-12-18,1.4352,1.3066
2018-12-19,1.435,1.3061
2018-12-20,1.4346,1.3057
2018-12-21,1.4341,1.3049
2018-12-22,1.4296,1.2997
2018-12-23,1.4298,1.3
2018-12-24,1.421,1.29
2018-12-25,1.4168,1.2871
2018-12-26,1.413,1.2838
2018-12-27,1.4122,1.2826
2018-12-28,1.4103,1.2804
2018-12-29,1.4064,1.2758
2018-12-30,1.4064,1.2759
2018-12-31,1.4071,1.2716
2019-01-01,1.4071,1.294
2019-01-02,1.4018,1.2931
2019-01-03,1.3937,1.2917
2019-01-04,1.3927,1.2917
2019-01-05,1.3893,1.2877
2019-01-06,1.3897,1.2882
2019-01-07,1.4027,1.3019
2019-01-08,1.4111,1.3099
2019-01-09,1.4112,1.3101
2019-01-10,1.4113,1.3103
2019-01-11,1.4106,1.3096
2019-01-12,1.4063,1.3049
2019-01-13,1.4067,1.3054
2019-01-14,1.4183,1.3282
2019-01-15,1.4186,1.3358
2019-01-16,1.4109,1.3314
2019-01-17,1.4104,1.3313
2019-01-18,1.4104,1.3312
2019-01-19,1.4064,1.3264
2019-01-20,1.4065,1.3267
2019-01-21,1.4112,1.3373
2019-01-22,1.4117,1.341
2019-01-23,1.4123,1.3423
2019-01-24,1.4126,1.3425
2019-01-25,1.4123,1.3419
2019-01-26,1.4082,1.3369
2019-01-27,1.4084,1.3372
2019-01-28,1.4128,1.3448
2019-01-29,1.4126,1.3476
2019-01-30,1.4129,1.3487
2019-01-31,1.4128,1.3486
2019-02-01,1.4124,1.3482
2019-02-02,1.4105,1.3453
2019-02-03,1.4108,1.3458
2019-02-04,1.4121,1.348
2019-02-05,1.4126,1.3493
2019-02-06,1.4126,1.3493
2019-02-07,1.4125,1.3491
2019-02-08,1.4123,1.3488
2019-02-09,1.4079,1.3436
2019-02-10,1.4082,1.3441
2019-02-11,1.4152,1.3515
2019-02-12,1.4178,1.3536
2019-02-13,1.4181,1.3543
2019-02-14,1.4181,1.3544
2019-02-15,1.4178,1.3537
2019-02-16,1.4141,1.3491
2019-02-17,1.4143,1.3495
2019-02-18,1.426,1.3613
2019-02-19,1.4328,1.3696
2019-02-20,1.4358,1.3719
2019-02-21,1.4359,1.3718
2019-02-22,1.4353,1.371
2019-02-23,1.4309,1.3662
2019-02-24,1.4316,1.3669
2019-02-25,1.4517,1.3857
2019-02-26,1.4588,1.3918
2019-02-27,1.4591,1.392
2019-02-28,1.4592,1.392
2019-03-01,1.4585,1.3911
2019-03-02,1.4553,1.3876
2019-03-03,1.4553,1.3875
2019-03-04,1.4548,1.3917
2019-03-05,1.4523,1.3923
2019-03-06,1.452,1.3923
2019-03-07,1.4516,1.3921
2019-03-08,1.451,1.3913
2019-03-09,1.4465,1.3866
2019-03-10,1.4466,1.3861
2019-03-11,1.4575,1.3939
2019-03-12,1.4626,1.3955
2019-03-13,1.4628,1.3952
2019-03-14,1.4624,1.395
2019-03-15,1.4618,1.3942
2019-03-16,1.4576,1.3896
2019-03-17,1.458,1.39
2019-03-18,1.4705,1.3936
2019-03-19,1.4756,1.3917
2019-03-20,1.476,1.3915
2019-03-21,1.4755,1.391
2019-03-22,1.4749,1.3901
2019-03-23,1.4694,1.3843
2019-03-24,1.4699,1.3847
2019-03-25,1.4858,1.3902
2019-03-26,1.4933,1.3909
2019-03-27,1.4783,1.3683
2019-03-28,1.4784,1.3681
2019-03-29,1.4786,1.3675
2019-03-30,1.4742,1.3627
2019-03-31,1.4747,1.3631
2019-04-01,1.5043,1.3685
2019-04-02,1.513,1.3691
2019-04-03,1.5138,1.3688
2019-04-04,1.5142,1.3686
2019-04-05,1.5137,1.3677
2019-04-06,1.5093,1.3627
2019-04-07,1.5097,1.3633
2019-04-08,1.5261,1.3741
2019-04-09,1.5288,1.3746
2019-04-10,1.53,1.3755
2019-04-11,1.5299,1.3752
2019-04-12,1.5295,1.3743
2019-04-13,1.5253,1.3695
2019-04-14,1.5257,1.37
2019-04-15,1.5458,1.3826
2019-04-16,1.5494,1.385
2019-04-17,1.5503,1.3856
2019-04-18,1.551,1.386
2019-04-19,1.5504,1.3852
2019-04-20,1.5465,1.3808
2019-04-21,1.5466,1.381
2019-04-22,1.5505,1.3856
2019-04-23,1.5512,1.386
2019-04-24,1.5512,1.3857
2019-04-25,1.551,1.3855
2019-04-26,1.5505,1.3847
2019-04-27,1.546,1.3799
2019-04-28,1.5465,1.3803
2019-04-29,1.5644,1.3919
2019-04-30,1.5722,1.3962
2019-05-01,1.5722,1.396
2019-05-02,1.5724,1.3962
2019-05-03,1.572,1.3955
2019-05-04,1.5674,1.3906
2019-05-05,1.5678,1.3911
2019-05-06,1.573,1.3961
2019-05-07,1.574,1.3963
2019-05-08,1.5738,1.3957
2019-05-09,1.5738,1.3955
2019-05-10,1.5733,1.3947
2019-05-11,1.569,1.3901
2019-05-12,1.5692,1.3903
2019-05-13,1.5626,1.3919
2019-05-14,1.5606,1.3916
2019-05-15,1.5597,1.3913
2019-05-16,1.5594,1.391
2019-05-17,1.5588,1.3902
2019-05-18,1.5541,1.3853
2019-05-19,1.5544,1.3856
2019-05-20,1.5713,1.3971
2019-05-21,1.5793,1.4027
2019-05-22,1.5796,1.4026
2019-05-23,1.5796,1.4025
2019-05-24,1.579,1.4018
2019-05-25,1.5743,1.3969
2019-05-26,1.5749,1.3974
2019-05-27,1.5805,1.3959
2019-05-28,1.5813,1.3886
2019-05-29,1.5812,1.3882
2019-05-30,1.5808,1.3876
2019-05-31,1.5796,1.3865
2019-06-01,1.5745,1.3813
2019-06-02,1.5747,1.3816
2019-06-03,1.5704,1.3742
2019-06-04,1.5658,1.3672
2019-06-05,1.565,1.3654
2019-06-06,1.5646,1.3647
2019-06-07,1.5637,1.3632
2019-06-08,1.5588,1.3581
2019-06-09,1.5589,1.3583
2019-06-10,1.524,1.3392
2019-06-11,1.5052,1.3292
2019-06-12,1.4979,1.3255
2019-06-13,1.4945,1.3238
2019-06-14,1.493,1.3225
2019-06-15,1.4882,1.3176
2019-06-16,1.4883,1.3178
2019-06-17,1.4915,1.3226
2019-06-18,1.4889,1.3227
2019-06-19,1.4886,1.3225
2019-06-20,1.4883,1.3223
2019-06-21,1.4877,1.3215
2019-06-22,1.4831,1.3167
2019-06-23,1.4833,1.317
2019-06-24,1.4875,1.3269
2019-06-25,1.4874,1.3305
2019-06-26,1.4866,1.3301
2019-06-27,1.4866,1.3301
2019-06-28,1.4861,1.3294
2019-06-29,1.4815,1.3248
2019-06-30,1.4818,1.3251
2019-07-01,1.4968,1.3376
2019-07-02,1.5043,1.3429
2019-07-03,1.5043,1.3427
2019-07-04,1.5043,1.3426
2019-07-05,1.5036,1.3417
2019-07-06,1.4989,1.3369
2019-07-07,1.4992,1.3372
2019-07-08,1.5061,1.3412
2019-07-09,1.5083,1.34
2019-07-10,1.5084,1.3399
2019-07-11,1.508,1.3395
2019-07-12,1.5074,1.3386
2019-07-13,1.5028,1.3339
2019-07-14,1.5034,1.3344
2019-07-15,1.5207,1.3462
2019-07-16,1.5286,1.3519
2019-07-17,1.5287,1.3517
2019-07-18,1.529,1.3518
2019-07-19,1.5287,1.3513
2019-07-20,1.5237,1.346
2019-07-21,1.5239,1.3464
2019-07-22,1.5249,1.3503
2019-07-23,1.5186,1.3491
2019-07-24,1.5183,1.3492
2019-07-25,1.5179,1.3489
2019-07-26,1.5161,1.3473
2019-07-27,1.5152,1.3464
2019-07-28,1.5152,1.3463
2019-07-29,1.5164,1.3501
2019-07-30,1.5174,1.353
2019-07-31,1.5175,1.3532
2019-08-01,1.5175,1.3532
2019-08-02,1.516,1.3516
2019-08-03,1.5112,1.3468
2019-08-04,1.5116,1.3473
2019-08-05,1.5199,1.3539
2019-08-06,1.5232,1.355
2019-08-07,1.5235,1.356
2019-08-08,1.524,1.3565
2019-08-09,1.524,1.3563
2019-08-10,1.5196,1.3517
2019-08-11,1.5194,1.3517
2019-08-12,1.5054,1.3408
2019-08-13,1.4926,1.3277
2019-08-14,1.4906,1.3261
2019-08-15,1.4903,1.3258
2019-08-16,1.4892,1.3244
2019-08-17,1.4842,1.3193
2019-08-18,1.4841,1.3192
2019-08-19,1.4887,1.3293
2019-08-20,1.4882,1.332
2019-08-21,1.4873,1.3318
2019-08-22,1.4873,1.3319
2019-08-23,1.4867,1.3312
2019-08-24,1.4821,1.3265
2019-08-25,1.4819,1.3263
2019-08-26,1.4869,1.3335
2019-08-27,1.4866,1.3356
2019-08-28,1.4868,1.3358
2019-08-29,1.4859,1.3357
2019-08-30,1.4847,1.3347
2019-08-31,1.4801,1.33
2019-09-01,1.4799,1.3297
2019-09-02,1.4821,1.3351
2019-09-03,1.4849,1.3404
2019-09-04,1.4836,1.339
2019-09-05,1.483,1.3386
2019-09-06,1.4828,1.3385
2019-09-07,1.4772,1.3331
2019-09-08,1.4771,1.333
2019-09-09,1.4796,1.342
2019-09-10,1.4784,1.3449
2019-09-11,1.4788,1.3457
2019-09-12,1.4789,1.346
2019-09-13,1.4782,1.345
2019-09-14,1.4734,1.3404
2019-09-15,1.4733,1.3403
2019-09-16,1.4771,1.3603
2019-09-17,1.4763,1.3632
2019-09-18,1.476,1.3636
2019-09-19,1.4759,1.3637
2019-09-20,1.4753,1.363
2019-09-21,1.4706,1.3583
2019-09-22,1.4713,1.3587
2019-09-23,1.5016,1.3826
2019-09-24,1.5077,1.3873
2019-09-25,1.5078,1.3874
2019-09-26,1.5079,1.3875
2019-09-27,1.5073,1.3866
2019-09-28,1.5025,1.3814
2019-09-29,1.5026,1.3817
2019-09-30,1.4995,1.3824
2019-10-01,1.4947,1.3806
2019-10-02,1.4942,1.3802
2019-10-03,1.4941,1.3802
2019-10-04,1.4935,1.3795
2019-10-05,1.4924,1.3782
2019-10-06,1.4924,1.378
2019-10-07,1.4932,1.3719
2019-10-08,1.4936,1.3647
2019-10-09,1.4934,1.3641
2019-10-10,1.4933,1.3637
2019-10-11,1.4926,1.3628
2019-10-12,1.4879,1.3578
2019-10-13,1.4881,1.3582
2019-10-14,1.487,1.3642
2019-10-15,1.4839,1.3669
2019-10-16,1.4835,1.3669
2019-10-17,1.4833,1.3668
2019-10-18,1.4825,1.3659
2019-10-19,1.4776,1.3609
2019-10-20,1.4777,1.3612
2019-10-21,1.4752,1.3648
2019-10-22,1.4701,1.3627
2019-10-23,1.4698,1.3626
2019-10-24,1.4696,1.3626
2019-10-25,1.4684,1.3613
2019-10-26,1.4636,1.3564
2019-10-27,1.4641,1.3569
2019-10-28,1.4737,1.363
2019-10-29,1.476,1.3655
2019-10-30,1.4762,1.3658
2019-10-31,1.4764,1.3659
2019-11-01,1.4756,1.365
2019-11-02,1.4711,1.3603
2019-11-03,1.4716,1.361
2019-11-04,1.4821,1.3646
2019-11-05,1.4902,1.363
2019-11-06,1.4905,1.3628
2019-11-07,1.4905,1.3628
2019-11-08,1.4897,1.3613
2019-11-09,1.4852,1.3565
2019-11-10,1.4857,1.3571
2019-11-11,1.4965,1.365
2019-11-12,1.4994,1.3665
2019-11-13,1.4997,1.3665
2019-11-14,1.5002,1.367
2019-11-15,1.4996,1.3662
2019-11-16,1.4951,1.3615
2019-11-17,1.4954,1.362
2019-11-18,1.495,1.3673
2019-11-19,1.4894,1.3674
2019-11-20,1.4891,1.3671
2019-11-21,1.4891,1.3672
2019-11-22,1.4884,1.3664
2019-11-23,1.4837,1.3614
2019-11-24,1.4841,1.3617
2019-11-25,1.4869,1.3641
2019-11-26,1.4852,1.3618
2019-11-27,1.4845,1.3613
2019-11-28,1.4844,1.3612
2019-11-29,1.4837,1.3604
2019-11-30,1.4789,1.3554
2019-12-01,1.4794,1.3559
2019-12-02,1.4899,1.366
2019-12-03,1.4947,1.3711
2019-12-04,1.4947,1.371
2019-12-05,1.4949,1.3711
2019-12-06,1.4941,1.3704
2019-12-07,1.4893,1.3653
2019-12-08,1.4896,1.3658
2019-12-09,1.4854,1.3681
2019-12-10,1.4801,1.366
2019-12-11,1.4796,1.366
2019-12-12,1.4794,1.3657
2019-12-13,1.4786,1.3649
2019-12-14,1.4735,1.3594
2019-12-15,1.4737,1.3598
2019-12-16,1.4811,1.3685
2019-12-17,1.484,1.3722
2019-12-18,1.4838,1.3719
2019-12-19,1.4839,1.3719
2019-12-20,1.4827,1.3705
2019-12-21,1.4782,1.3658
2019-12-22,1.4787,1.3665
2019-12-23,1.4896,1.3827
2019-12-24,1.4932,1.3907
2019-12-25,1.4933,1.3907
2019-12-26,1.4935,1.3913
2019-12-27,1.493,1.3908
2019-12-28,1.4881,1.3858
2019-12-29,1.4885,1.3863
2019-12-30,1.4983,1.3937
2019-12-31,1.5025,1.3975
2020-01-01,1.5103,1.3998
2020-01-02,1.5161,1.4057
2020-01-03,1.5246,1.4131
2020-01-04,1.5267,1.4126
2020-01-05,1.5273,1.4133
2020-01-06,1.5338,1.4213
2020-01-07,1.5337,1.4229
2020-01-08,1.5343,1.4236
2020-01-09,1.5344,1.4242
2020-01-10,1.5374,1.4266
2020-01-11,1.5332,1.4223
2020-01-12,1.5337,1.4226
2020-01-13,1.5353,1.4233
2020-01-14,1.5339,1.4204
2020-01-15,1.5334,1.4201
2020-01-16,1.5336,1.4201
2020-01-17,1.5329,1.4193
2020-01-18,1.5287,1.4149
2020-01-19,1.529,1.4152
2020-01-20,1.5304,1.4059
2020-01-21,1.528,1.3968
2020-01-22,1.5274,1.3951
2020-01-23,1.5263,1.3927
2020-01-24,1.5254,1.3916
2020-01-25,1.5211,1.3869
2020-01-26,1.5214,1.3872
2020-01-27,1.5217,1.3866
2020-01-28,1.525,1.4006
2020-01-29,1.5241,1.3997
2020-01-30,1.5237,1.4002
2020-01-31,1.5226,1.399
2020-02-01,1.5187,1.3956
2020-02-02,1.5189,1.3958
2020-02-03,1.5095,1.3866
2020-02-04,1.5002,1.3783
2020-02-05,1.4995,1.3776
2020-02-06,1.4989,1.3773
2020-02-07,1.4981,1.3766
2020-02-08,1.4941,1.3729
2020-02-09,1.4944,1.3732
2020-02-10,1.4969,1.3726
2020-02-11,1.4944,1.3676
2020-02-12,1.4952,1.3666
2020-02-13,1.4948,1.3661
2020-02-14,1.4941,1.3652
2020-02-15,1.4911,1.3621
2020-02-16,1.4916,1.3626
2020-02-17,1.4999,1.3698
2020-02-18,1.5002,1.3625
2020-02-19,1.5003,1.3625
2020-02-20,1.5003,1.3625
2020-02-21,1.4994,1.3616
2020-02-22,1.4956,1.3582
2020-02-23,1.4961,1.3586
2020-02-24,1.5082,1.3663
2020-02-25,1.5137,1.3692
2020-02-26,1.5143,1.3692
2020-02-27,1.5145,1.3691
2020-02-28,1.5142,1.3686
2020-02-29,1.5105,1.3653
2020-03-01,1.5108,1.3656
2020-03-02,1.4966,1.3531
2020-03-03,1.4848,1.3412
2020-03-04,1.4824,1.3391
2020-03-05,1.4804,1.3367
2020-03-06,1.4793,1.3357
2020-03-07,1.4754,1.3321
2020-03-08,1.4756,1.3324
2020-03-09,1.4663,1.3277
2020-03-10,1.4585,1.3143
2020-03-11,1.4578,1.3138
2020-03-12,1.4574,1.3133
2020-03-13,1.4563,1.3125
2020-03-14,1.4525,1.309
2020-03-15,1.4524,1.309
2020-03-16,1.3971,1.2747
2020-03-17,1.3677,1.2598
2020-03-18,1.3606,1.2559
2020-03-19,1.3557,1.2536
2020-03-20,1.3541,1.2524
2020-03-21,1.3495,1.2487
2020-03-22,1.3497,1.2489
2020-03-23,1.3168,1.2331
2020-03-24,1.3027,1.2262
2020-03-25,1.2754,1.2232
2020-03-26,1.2745,1.2225
2020-03-27,1.2734,1.2217
2020-03-28,1.2683,1.218
2020-03-29,1.2673,1.2184
2020-03-30,1.2604,1.226
2020-03-31,1.2565,1.2291
2020-04-01,1.2626,1.234
2020-04-02,1.2622,1.234
2020-04-03,1.2615,1.2334
2020-04-04,1.2576,1.23
2020-04-05,1.2577,1.2302
2020-04-06,1.2602,1.2285
2020-04-07,1.2582,1.2233
2020-04-08,1.2577,1.2228
2020-04-09,1.2572,1.2225
2020-04-10,1.2566,1.2218
2020-04-11,1.2529,1.2185
2020-04-12,1.2532,1.2188
2020-04-13,1.2583,1.2247
2020-04-14,1.2592,1.2258
2020-04-15,1.2577,1.2258
2020-04-16,1.2577,1.2258
2020-04-17,1.2572,1.2253
2020-04-18,1.2534,1.2218
2020-04-19,1.2537,1.2214
2020-04-20,1.2578,1.2113
2020-04-21,1.2577,1.2012
2020-04-22,1.2561,1.168
2020-04-23,1.2561,1.1666
2020-04-24,1.2555,1.1658
2020-04-25,1.2516,1.1623
2020-04-26,1.2506,1.1618
2020-04-27,1.2454,1.1544
2020-04-28,1.2387,1.147
2020-04-29,1.2347,1.1305
2020-04-30,1.2344,1.1299
2020-05-01,1.2337,1.1291
2020-05-02,1.2299,1.1258
2020-05-03,1.2316,1.1257
2020-05-04,1.2372,1.1255
2020-05-05,1.2386,1.1236
2020-05-06,1.2381,1.1229
2020-05-07,1.238,1.1226
2020-05-08,1.2374,1.1219
2020-05-09,1.2335,1.1183
2020-05-10,1.237,1.1192
2020-05-11,1.2601,1.1287
2020-05-12,1.2704,1.1347
2020-05-13,1.2708,1.1344
2020-05-14,1.2706,1.1343
2020-05-15,1.2701,1.1336
2020-05-16,1.2662,1.1301
2020-05-17,1.2682,1.1308
2020-05-18,1.2855,1.1387
2020-05-19,1.2952,1.1428
2020-05-20,1.2955,1.1428
2020-05-21,1.2959,1.1429
2020-05-22,1.2952,1.1422
2020-05-23,1.2914,1.1386
2020-05-24,1.2958,1.141
2020-05-25,1.3208,1.1632
2020-05-26,1.3298,1.1695
2020-05-27,1.3331,1.1716
2020-05-28,1.3332,1.1717
2020-05-29,1.3325,1.1711
2020-05-30,1.3286,1.1677
2020-05-31,1.329,1.1681
2020-06-01,1.3299,1.1692
2020-06-02,1.3267,1.167
2020-06-03,1.3266,1.1668
2020-06-04,1.3266,1.1668
2020-06-05,1.3259,1.1662
2020-06-06,1.3221,1.1628
2020-06-07,1.3244,1.164
2020-06-08,1.336,1.1721
2020-06-09,1.3415,1.1763
2020-06-10,1.3416,1.1763
2020-06-11,1.3416,1.1764
2020-06-12,1.3412,1.176
2020-06-13,1.337,1.1727
2020-06-14,1.3379,1.1734
2020-06-15,1.3492,1.1837
2020-06-16,1.3539,1.1876
2020-06-17,1.354,1.1878
2020-06-18,1.3542,1.1879
2020-06-19,1.3538,1.1874
2020-06-20,1.3501,1.1839
2020-06-21,1.3507,1.1844
2020-06-22,1.3647,1.1951
2020-06-23,1.3701,1.1996
2020-06-24,1.3703,1.1997
2020-06-25,1.3727,1.2003
2020-06-26,1.372,1.1997
2020-06-27,1.3684,1.1964
2020-06-28,1.3688,1.1969
2020-06-29,1.3775,1.204
2020-06-30,1.3822,1.2064
2020-07-01,1.383,1.2068
2020-07-02,1.383,1.2068
2020-07-03,1.3825,1.2062
2020-07-04,1.3785,1.2028
2020-07-05,1.379,1.2031
2020-07-06,1.3848,1.2092
2020-07-07,1.386,1.2113
2020-07-08,1.3936,1.2307
2020-07-09,1.3937,1.2308
2020-07-10,1.3931,1.2302
2020-07-11,1.3894,1.227
2020-07-12,1.3899,1.2275
2020-07-13,1.4008,1.2354
2020-07-14,1.4044,1.2383
2020-07-15,1.4044,1.2384
2020-07-16,1.4045,1.2384
2020-07-17,1.404,1.2379
2020-07-18,1.4003,1.2344
2020-07-19,1.4007,1.2348
2020-07-20,1.3995,1.2375
2020-07-21,1.3959,1.2363
2020-07-22,1.3957,1.2362
2020-07-23,1.3957,1.2363
2020-07-24,1.3951,1.2357
2020-07-25,1.3912,1.2324
2020-07-26,1.3917,1.2329
2020-07-27,1.3948,1.238
2020-07-28,1.3948,1.239
2020-07-29,1.3947,1.239
2020-07-30,1.3946,1.239
2020-07-31,1.394,1.2384
2020-08-01,1.3901,1.2348
2020-08-02,1.3898,1.235
2020-08-03,1.3906,1.2362
2020-08-04,1.3904,1.236
2020-08-05,1.3903,1.236
2020-08-06,1.3902,1.2359
2020-08-07,1.3902,1.2359
2020-08-08,1.39,1.2358
2020-08-09,1.3899,1.2358
2020-08-10,1.3897,1.2358
2020-08-11,1.3897,1.236
2020-08-12,1.3888,1.2366
2020-08-13,1.3878,1.2366
2020-08-14,1.3872,1.236
2020-08-15,1.3831,1.2326
2020-08-16,1.3842,1.233
2020-08-17,1.3914,1.2364
2020-08-18,1.3933,1.2361
2020-08-19,1.3933,1.236
2020-08-20,1.3937,1.2371
2020-08-21,1.3931,1.2364
2020-08-22,1.3893,1.2331
2020-08-23,1.3898,1.2335
2020-08-24,1.3944,1.2411
2020-08-25,1.3946,1.2411
2020-08-26,1.3945,1.2409
2020-08-27,1.3945,1.2409
2020-08-28,1.3938,1.2402
2020-08-29,1.39,1.2369
2020-08-30,1.3904,1.2373
2020-08-31,1.3988,1.24
2020-09-01,1.4022,1.2386
2020-09-02,1.403,1.238
2020-09-03,1.403,1.2379
2020-09-04,1.4022,1.2369
2020-09-05,1.3985,1.2335
2020-09-06,1.3997,1.2347
2020-09-07,1.3997,1.2325
2020-09-08,1.3957,1.2284
2020-09-09,1.3955,1.2282
2020-09-10,1.3954,1.228
2020-09-11,1.3946,1.2272
2020-09-12,1.3908,1.2238
2020-09-13,1.3904,1.2234
2020-09-14,1.3884,1.2199
2020-09-15,1.3828,1.2129
2020-09-16,1.3821,1.2119
2020-09-17,1.3817,1.2116
2020-09-18,1.3801,1.2099
2020-09-19,1.3762,1.2064
2020-09-20,1.3766,1.2067
2020-09-21,1.3837,1.211
2020-09-22,1.3848,1.21
2020-09-23,1.3849,1.21
2020-09-24,1.3847,1.21
2020-09-25,1.3839,1.2091
2020-09-26,1.3782,1.1947
2020-09-27,1.3785,1.195
2020-09-28,1.3823,1.1984
2020-09-29,1.3826,1.1985
2020-09-30,1.3824,1.1983
2020-10-01,1.3824,1.1983
2020-10-02,1.3818,1.1977
2020-10-03,1.378,1.1943
2020-10-04,1.3783,1.1946
2020-10-05,1.3829,1.1983
2020-10-06,1.3846,1.1988
2020-10-07,1.3848,1.1987
2020-10-08,1.385,1.1987
2020-10-09,1.3844,1.1981
2020-10-10,1.3806,1.1947
2020-10-11,1.3819,1.1956
2020-10-12,1.3913,1.2033
2020-10-13,1.396,1.2067
2020-10-14,1.396,1.2066
2020-10-15,1.3964,1.2068
2020-10-16,1.3955,1.2058
2020-10-17,1.3919,1.2026
2020-10-18,1.3922,1.2029
2020-10-19,1.3936,1.2074
2020-10-20,1.3908,1.2083
2020-10-21,1.3905,1.2083
2020-10-22,1.3905,1.2083
2020-10-23,1.3898,1.2076
2020-10-24,1.3861,1.2042
2020-10-25,1.3857,1.2046
2020-10-26,1.3858,1.2074
2020-10-27,1.383,1.2065
2020-10-28,1.3827,1.2063
2020-10-29,1.3827,1.2064
2020-10-30,1.3813,1.2057
2020-10-31,1.3774,1.2022
2020-11-01,1.3776,1.2025
2020-11-02,1.3736,1.2012
2020-11-03,1.3677,1.1974
2020-11-04,1.3668,1.1971
2020-11-05,1.3657,1.1964
2020-11-06,1.3648,1.1957
2020-11-07,1.3609,1.1922
2020-11-08,1.3613,1.1928
2020-11-09,1.3646,1.197
2020-11-10,1.3645,1.1982
2020-11-11,1.3643,1.198
2020-11-12,1.3641,1.1979
2020-11-13,1.3629,1.1969
2020-11-14,1.3592,1.1937
2020-11-15,1.3619,1.1953
2020-11-16,1.3765,1.2106
2020-11-17,1.3812,1.2156
2020-11-18,1.3813,1.2158
2020-11-19,1.3813,1.2159
2020-11-20,1.3809,1.2154
2020-11-21,1.3772,1.212
2020-11-22,1.3775,1.2123
2020-11-23,1.3803,1.2171
2020-11-24,1.378,1.2197
2020-11-25,1.378,1.2204
2020-11-26,1.378,1.2205
2020-11-27,1.3772,1.2197
2020-11-28,1.3734,1.2163
2020-11-29,1.3755,1.2176
2020-11-30,1.389,1.2313
2020-12-01,1.3913,1.2345
2020-12-02,1.3938,1.2373
2020-12-03,1.3942,1.2381
2020-12-04,1.3936,1.2375
2020-12-05,1.3898,1.2341
2020-12-06,1.3902,1.2344
2020-12-07,1.3937,1.2389
2020-12-08,1.3922,1.2391
2020-12-09,1.3919,1.2392
2020-12-10,1.3931,1.2504
2020-12-11,1.3925,1.2497
2020-12-12,1.3885,1.2463
2020-12-13,1.3898,1.2471
2020-12-14,1.3985,1.2542
2020-12-15,1.4021,1.2582
2020-12-16,1.4023,1.2585
2020-12-17,1.4022,1.2585
2020-12-18,1.4017,1.2581
2020-12-19,1.3973,1.2542
2020-12-20,1.3983,1.2549
2020-12-21,1.4048,1.2617
2020-12-22,1.4082,1.2647
2020-12-23,1.4083,1.2647
2020-12-24,1.4083,1.2647
2020-12-25,1.4077,1.2641
2020-12-26,1.4038,1.2607
2020-12-27,1.4042,1.2611
2020-12-28,1.4095,1.2654
2020-12-29,1.41,1.2655
2020-12-30,1.4098,1.2654
2020-12-31,1.4098,1.2654
2021-01-01,1.4061,1.2446
2021-01-02,1.4028,1.241
2021-01-03,1.4034,1.2416
2021-01-04,1.4151,1.25
2021-01-05,1.4196,1.2547
2021-01-06,1.4201,1.2552
2021-01-07,1.4222,1.257
2021-01-08,1.4217,1.2565
2021-01-09,1.4181,1.2526
2021-01-10,1.4194,1.2531
2021-01-11,1.4312,1.2605
2021-01-12,1.4356,1.2625
2021-01-13,1.4358,1.2626
2021-01-14,1.436,1.2627
2021-01-15,1.4354,1.262
2021-01-16,1.4321,1.2581
2021-01-17,1.4346,1.26
2021-01-18,1.4504,1.277
2021-01-19,1.4556,1.2817
2021-01-20,1.4562,1.2826
2021-01-21,1.4564,1.2827
2021-01-22,1.4558,1.2819
2021-01-23,1.4522,1.278
2021-01-24,1.4526,1.2791
2021-01-25,1.4569,1.2838
2021-01-26,1.4573,1.2843
2021-01-27,1.4573,1.2849
2021-01-28,1.4576,1.2852
2021-01-29,1.457,1.2844
2021-01-30,1.4535,1.2808
2021-01-31,1.4539,1.2812
2021-02-01,1.4629,1.2908
2021-02-02,1.4647,1.2921
2021-02-03,1.4654,1.2927
2021-02-04,1.4657,1.2932
2021-02-05,1.4652,1.2926
2021-02-06,1.4618,1.2888
2021-02-07,1.4622,1.2894
2021-02-08,1.4779,1.3042
2021-02-09,1.4846,1.3119
2021-02-10,1.4852,1.3124
2021-02-11,1.4853,1.3126
2021-02-12,1.4848,1.312
2021-02-13,1.4812,1.3081
2021-02-14,1.4827,1.31
2021-02-15,1.4915,1.3231
2021-02-16,1.495,1.3298
2021-02-17,1.4953,1.3302
2021-02-18,1.4955,1.3307
2021-02-19,1.4949,1.3301
2021-02-20,1.4914,1.3263
2021-02-21,1.4937,1.3278
2021-02-22,1.5083,1.3439
2021-02-23,1.5124,1.3477
2021-02-24,1.5128,1.3481
2021-02-25,1.5131,1.3485
2021-02-26,1.5127,1.3478
2021-02-27,1.5092,1.3439
2021-02-28,1.5097,1.3444
2021-03-01,1.5269,1.3548
2021-03-02,1.5328,1.3579
2021-03-03,1.5353,1.3595
2021-03-04,1.5354,1.3596
2021-03-05,1.5349,1.3589
2021-03-06,1.5315,1.3552
2021-03-07,1.533,1.3556
2021-03-08,1.5429,1.3599
2021-03-09,1.5494,1.3603
2021-03-10,1.55,1.3606
2021-03-11,1.5504,1.3608
2021-03-12,1.5499,1.3601
2021-03-13,1.5464,1.3563
2021-03-14,1.5487,1.3577
2021-03-15,1.5595,1.368
2021-03-16,1.5654,1.3737
2021-03-17,1.5657,1.3737
2021-03-18,1.5659,1.3739
2021-03-19,1.5658,1.3736
2021-03-20,1.5625,1.3699
2021-03-21,1.5628,1.3703
2021-03-22,1.5652,1.3693
2021-03-23,1.5636,1.3654
2021-03-24,1.5629,1.364
2021-03-25,1.5657,1.364
2021-03-26,1.565,1.3631
2021-03-27,1.5615,1.3591
2021-03-28,1.5619,1.3595
2021-03-29,1.5634,1.3575
2021-03-30,1.5624,1.3518
2021-03-31,1.5619,1.3498
2021-04-01,1.5618,1.3498
2021-04-02,1.5612,1.349
2021-04-03,1.5577,1.3452
2021-04-04,1.5601,1.3461
2021-04-05,1.5708,1.353
2021-04-06,1.5758,1.3571
2021-04-07,1.5778,1.358
2021-04-08,1.5779,1.3581
2021-04-09,1.5772,1.3572
2021-04-10,1.5737,1.3535
2021-04-11,1.5741,1.3538
2021-04-12,1.5739,1.3569
2021-04-13,1.5722,1.3557
2021-04-14,1.5714,1.3554
2021-04-15,1.5715,1.3553
2021-04-16,1.5709,1.3545
2021-04-17,1.5673,1.3506
2021-04-18,1.5677,1.3511
2021-04-19,1.576,1.3613
2021-04-20,1.5804,1.3667
2021-04-21,1.5805,1.3669
2021-04-22,1.5806,1.367
2021-04-23,1.5801,1.3664
2021-04-24,1.5765,1.3624
2021-04-25,1.5768,1.3629
2021-04-26,1.5805,1.367
2021-04-27,1.5805,1.367
2021-04-28,1.5816,1.3675
2021-04-29,1.5817,1.3676
2021-04-30,1.5811,1.3668
2021-05-01,1.5775,1.3629
2021-05-02,1.5778,1.3638
2021-05-03,1.5823,1.3725
2021-05-04,1.5839,1.377
2021-05-05,1.5836,1.3771
2021-05-06,1.5836,1.3773
2021-05-07,1.5831,1.3766
2021-05-08,1.5795,1.3724
2021-05-09,1.5825,1.3739
2021-05-10,1.5997,1.3902
2021-05-11,1.6075,1.3948
2021-05-12,1.6078,1.3951
2021-05-13,1.608,1.3953
2021-05-14,1.6075,1.3945
2021-05-15,1.6038,1.3906
2021-05-16,1.6038,1.3911
2021-05-17,1.605,1.3955
2021-05-18,1.6006,1.3964
2021-05-19,1.6003,1.3962
2021-05-20,1.6003,1.3963
2021-05-21,1.5999,1.3958
2021-05-22,1.5962,1.3919
2021-05-23,1.5965,1.3923
2021-05-24,1.5976,1.3943
2021-05-25,1.5935,1.3907
2021-05-26,1.5931,1.3903
2021-05-27,1.5932,1.3903
2021-05-28,1.5926,1.3895
2021-05-29,1.589,1.3857
2021-05-30,1.5894,1.3862
2021-05-31,1.5995,1.3954
2021-06-01,1.6071,1.4021
2021-06-02,1.6074,1.4023
2021-06-03,1.6083,1.4032
2021-06-04,1.6079,1.4025
2021-06-05,1.6042,1.3987
2021-06-06,1.6055,1.3997
2021-06-07,1.6143,1.41
2021-06-08,1.6177,1.4155
2021-06-09,1.6181,1.4159
2021-06-10,1.6181,1.416
2021-06-11,1.6177,1.4156
2021-06-12,1.6141,1.4117
2021-06-13,1.6144,1.4121
2021-06-14,1.6199,1.4202
2021-06-15,1.6226,1.4227
2021-06-16,1.6231,1.4226
2021-06-17,1.6238,1.4236
2021-06-18,1.6234,1.4229
2021-06-19,1.6194,1.4186
2021-06-20,1.6211,1.4199
2021-06-21,1.6308,1.4299
2021-06-22,1.6352,1.4383
2021-06-23,1.6352,1.438
2021-06-24,1.6361,1.439
2021-06-25,1.6358,1.4386
2021-06-26,1.6324,1.4348
2021-06-27,1.6339,1.4351
2021-06-28,1.6523,1.4477
2021-06-29,1.6586,1.4513
2021-06-30,1.6588,1.4515
2021-07-01,1.659,1.4516
2021-07-02,1.6586,1.451
2021-07-03,1.6549,1.4471
2021-07-04,1.6556,1.4475
2021-07-05,1.6651,1.4532
2021-07-06,1.6709,1.4553
2021-07-07,1.671,1.4558
2021-07-08,1.6712,1.4558
2021-07-09,1.6708,1.4552
2021-07-10,1.6672,1.4513
2021-07-11,1.6675,1.4516
2021-07-12,1.671,1.4554
2021-07-13,1.6715,1.4551
2021-07-14,1.6717,1.4549
2021-07-15,1.6719,1.4551
2021-07-16,1.6715,1.4544
2021-07-17,1.668,1.4506
2021-07-18,1.6691,1.4515
2021-07-19,1.6763,1.4592
2021-07-20,1.6785,1.4606
2021-07-21,1.6789,1.4609
2021-07-22,1.679,1.461
2021-07-23,1.6785,1.4603
2021-07-24,1.675,1.4565
2021-07-25,1.6737,1.4559
2021-07-26,1.6677,1.4499
2021-07-27,1.6624,1.4452
2021-07-28,1.6617,1.4428
2021-07-29,1.6617,1.4428
2021-07-30,1.6612,1.4421
2021-07-31,1.6576,1.4382
2021-08-01,1.6606,1.4397
2021-08-02,1.6769,1.4517
2021-08-03,1.6815,1.4544
2021-08-04,1.6822,1.4549
2021-08-05,1.6824,1.455
2021-08-06,1.6818,1.4543
2021-08-07,1.6782,1.4505
2021-08-08,1.6779,1.4503
2021-08-09,1.6814,1.4493
2021-08-10,1.6805,1.4443
2021-08-11,1.6803,1.4439
2021-08-12,1.6803,1.4438
2021-08-13,1.6797,1.4428
2021-08-14,1.6761,1.4388
2021-08-15,1.6763,1.4391
2021-08-16,1.6773,1.4422
2021-08-17,1.6731,1.4401
2021-08-18,1.6728,1.4397
2021-08-19,1.6728,1.4397
2021-08-20,1.6722,1.439
2021-08-21,1.6686,1.4351
2021-08-22,1.6676,1.4353
2021-08-23,1.6574,1.4328
2021-08-24,1.6511,1.4293
2021-08-25,1.65,1.4287
2021-08-26,1.6498,1.4287
2021-08-27,1.6491,1.4279
2021-08-28,1.6453,1.4239
2021-08-29,1.6466,1.4254
2021-08-30,1.6593,1.4415
2021-08-31,1.6613,1.4451
2021-09-01,1.6613,1.4452
2021-09-02,1.6614,1.4454
2021-09-03,1.6609,1.4447
2021-09-04,1.6572,1.4407
2021-09-05,1.6583,1.4416
2021-09-06,1.6722,1.4542
2021-09-07,1.6758,1.4582
2021-09-08,1.676,1.4584
2021-09-09,1.6762,1.4586
2021-09-10,1.6758,1.458
2021-09-11,1.6722,1.4541
2021-09-12,1.6725,1.4544
2021-09-13,1.6748,1.4575
2021-09-14,1.6739,1.4573
2021-09-15,1.6737,1.4571
2021-09-16,1.6736,1.4571
2021-09-17,1.6731,1.4564
2021-09-18,1.6696,1.4526
2021-09-19,1.6698,1.454
2021-09-20,1.6728,1.4674
2021-09-21,1.6725,1.4695
2021-09-22,1.6718,1.4712
2021-09-23,1.6719,1.4714
2021-09-24,1.6713,1.471
2021-09-25,1.6678,1.4673
2021-09-26,1.668,1.4677
2021-09-27,1.6704,1.4797
2021-09-28,1.6809,1.484
2021-09-29,1.6797,1.4826
2021-09-30,1.6766,1.4829
2021-10-01,1.6761,1.4832
2021-10-02,1.6746,1.4815
2021-10-03,1.6758,1.483
2021-10-04,1.6972,1.5023
2021-10-05,1.699,1.5038
2021-10-06,1.6996,1.5049
2021-10-07,1.7008,1.5064
2021-10-08,1.7004,1.506
2021-10-09,1.6968,1.502
2021-10-10,1.6999,1.5043
2021-10-11,1.7097,1.5134
2021-10-12,1.7166,1.5182
2021-10-13,1.7258,1.5301
2021-10-14,1.7263,1.5303
2021-10-15,1.7253,1.5293
2021-10-16,1.7161,1.5225
2021-10-17,1.7166,1.5233
2021-10-18,1.7242,1.5357
2021-10-19,1.7233,1.5375
2021-10-20,1.7232,1.5376
2021-10-21,1.7232,1.5375
2021-10-22,1.7225,1.5367
2021-10-23,1.7206,1.5342
2021-10-24,1.7211,1.535
2021-10-25,1.7229,1.5381
2021-10-26,1.7227,1.5383
2021-10-27,1.7228,1.5384
2021-10-28,1.7227,1.5383
2021-10-29,1.722,1.5374
2021-10-30,1.7201,1.5348
2021-10-31,1.722,1.536
2021-11-01,1.7325,1.5421
2021-11-02,1.7377,1.5471
2021-11-03,1.7389,1.5479
2021-11-04,1.7389,1.5479
2021-11-05,1.7385,1.547
2021-11-06,1.7367,1.5445
2021-11-07,1.7372,1.5452
2021-11-08,1.7374,1.5401
2021-11-09,1.7381,1.5381
2021-11-10,1.738,1.5377
2021-11-11,1.7382,1.5374
2021-11-12,1.7375,1.5365
2021-11-13,1.7357,1.534
2021-11-14,1.736,1.535
2021-11-15,1.7289,1.5407
2021-11-16,1.7272,1.5413
2021-11-17,1.7259,1.5415
2021-11-18,1.7256,1.5414
2021-11-19,1.725,1.5408
2021-11-20,1.7233,1.5384
2021-11-21,1.7238,1.5384
2021-11-22,1.718,1.532
2021-11-23,1.7166,1.5301
2021-11-24,1.7142,1.5278
2021-11-25,1.7134,1.5273
2021-11-26,1.7128,1.5264
2021-11-27,1.711,1.5242
2021-11-28,1.7095,1.525
2021-11-29,1.6993,1.5266
2021-11-30,1.6889,1.5267
2021-12-01,1.6891,1.5278
2021-12-02,1.6889,1.5276
2021-12-03,1.6879,1.5268
2021-12-04,1.6862,1.5245
2021-12-05,1.6823,1.5231
2021-12-06,1.6594,1.4978
2021-12-07,1.6459,1.4822
2021-12-08,1.6446,1.4809
2021-12-09,1.6441,1.4804
2021-12-10,1.6434,1.48
2021-12-11,1.6427,1.4791
2021-12-12,1.6448,1.4812
2021-12-13,1.6611,1.4992
2021-12-14,1.663,1.5026
2021-12-15,1.6631,1.5028
2021-12-16,1.6633,1.5029
2021-12-17,1.6632,1.5029
2021-12-18,1.6627,1.5023
2021-12-19,1.6628,1.5024
2021-12-20,1.6637,1.5027
2021-12-21,1.6653,1.5034
2021-12-22,1.6656,1.5034
2021-12-23,1.6658,1.5035
2021-12-24,1.6655,1.5031
2021-12-25,1.6639,1.5009
2021-12-26,1.6637,1.5009
2021-12-27,1.6648,1.5006
2021-12-28,1.6644,1.4977
2021-12-29,1.6645,1.4979
2021-12-30,1.6644,1.4972
2021-12-31,1.6637,1.4965
2022-01-01,1.6619,1.4942
2022-01-02,1.664,1.4955
2022-01-03,1.6929,1.5131
2022-01-04,1.6993,1.518
2022-01-05,1.7043,1.5221
2022-01-06,1.7045,1.5222
2022-01-07,1.7039,1.5211
2022-01-08,1.7018,1.5185
2022-01-09,1.7026,1.521
2022-01-10,1.7014,1.5409
2022-01-11,1.7014,1.5428
2022-01-12,1.7002,1.541
2022-01-13,1.6992,1.5399
2022-01-14,1.6978,1.5383
2022-01-15,1.6949,1.5351
2022-01-16,1.6971,1.5376
2022-01-17,1.705,1.5514
2022-01-18,1.7226,1.5703
2022-01-19,1.7228,1.5707
2022-01-20,1.7229,1.5709
2022-01-21,1.7224,1.5702
2022-01-22,1.7186,1.566
2022-01-23,1.7208,1.5681
2022-01-24,1.7362,1.5911
2022-01-25,1.7428,1.5993
2022-01-26,1.7434,1.6008
2022-01-27,1.7436,1.6011
2022-01-28,1.7431,1.6005
2022-01-29,1.7393,1.5963
2022-01-30,1.7406,1.5968
2022-01-31,1.7575,1.6122
2022-02-01,1.7645,1.6188
2022-02-02,1.7648,1.6189
2022-02-03,1.765,1.6192
2022-02-04,1.7645,1.6184
2022-02-05,1.7606,1.6142
2022-02-06,1.7627,1.6157
2022-02-07,1.7828,1.6378
2022-02-08,1.7867,1.6432
2022-02-09,1.7869,1.6435
2022-02-10,1.7872,1.6438
2022-02-11,1.7866,1.643
2022-02-12,1.7828,1.6389
2022-02-13,1.7846,1.6394
2022-02-14,1.8009,1.6479
2022-02-15,1.8061,1.65
2022-02-16,1.8063,1.65
2022-02-17,1.8069,1.6504
2022-02-18,1.8064,1.6495
2022-02-19,1.8026,1.6454
2022-02-20,1.8039,1.6464
2022-02-21,1.813,1.6563
2022-02-22,1.8156,1.6596
2022-02-23,1.8158,1.6597
2022-02-24,1.816,1.6599
2022-02-25,1.8155,1.6592
2022-02-26,1.8117,1.6549
2022-02-27,1.814,1.6565
2022-02-28,1.832,1.6746
2022-03-01,1.8341,1.6761
2022-03-02,1.8353,1.678
2022-03-03,1.8356,1.6784
2022-03-04,1.8353,1.6781
2022-03-05,1.8318,1.6742
2022-03-06,1.8381,1.6823
2022-03-07,1.917,1.812
2022-03-08,1.9358,1.832
2022-03-09,1.9388,1.8361
2022-03-10,1.9395,1.8371
2022-03-11,1.9392,1.8369
2022-03-12,1.9359,1.8331
2022-03-13,1.9462,1.8458
2022-03-14,2.0279,1.9788
2022-03-15,2.0371,1.9912
2022-03-16,2.0371,1.9915
2022-03-17,2.037,1.9915
2022-03-18,2.0366,1.9912
2022-03-19,2.0328,1.987
2022-03-20,2.0236,1.9761
2022-03-21,1.9266,1.8466
2022-03-22,1.9194,1.8396
2022-03-23,1.9185,1.8386
2022-03-24,1.9185,1.8387
2022-03-25,1.918,1.838
2022-03-26,1.9143,1.8339
2022-03-27,1.924,1.8451
2022-03-28,2.0267,1.9952
2022-03-29,2.0339,2.0079
2022-03-30,2.0376,2.0097
2022-03-31,2.0379,2.0104
2022-04-01,2.0373,2.0098
2022-04-02,2.0337,2.006
2022-04-03,2.0311,2.0012
2022-04-04,1.989,1.9266
2022-04-05,1.9838,1.911
2022-04-06,1.9835,1.9102
2022-04-07,1.9832,1.9097
2022-04-08,1.9826,1.9087
2022-04-09,1.9787,1.9044
2022-04-10,1.9761,1.9022
2022-04-11,1.9484,1.8638
2022-04-12,1.946,1.8588
2022-04-13,1.9453,1.8583
2022-04-14,1.9449,1.8578
2022-04-15,1.9442,1.8568
2022-04-16,1.9403,1.8528
2022-04-17,1.9407,1.8533
2022-04-18,1.9545,1.8805
2022-04-19,1.9574,1.8858
2022-04-20,1.9586,1.8873
2022-04-21,1.9588,1.8876
2022-04-22,1.9583,1.8868
2022-04-23,1.9544,1.8827
2022-04-24,1.9574,1.8861
2022-04-25,1.9749,1.9257
2022-04-26,1.9818,1.9386
2022-04-27,1.9828,1.9402
2022-04-28,1.9826,1.9405
2022-04-29,1.9821,1.9398
2022-04-30,1.9784,1.9357
2022-05-01,1.9645,1.927
2022-05-02,1.878,1.8399
2022-05-03,1.8708,1.8346
2022-05-04,1.8707,1.8361
2022-05-05,1.8707,1.8362
2022-05-06,1.8701,1.8355
2022-05-07,1.8661,1.8306
2022-05-08,1.8734,1.8332
2022-05-09,1.9145,1.8399
2022-05-10,1.922,1.8411
2022-05-11,1.9225,1.8409
2022-05-12,1.923,1.8412
2022-05-13,1.9224,1.8404
2022-05-14,1.9186,1.836
2022-05-15,1.9197,1.8335
2022-05-16,1.9516,1.7966
2022-05-17,1.9599,1.7902
2022-05-18,1.9604,1.7892
2022-05-19,1.9609,1.7884
2022-05-20,1.9608,1.7881
2022-05-21,1.957,1.7838
2022-05-22,1.9641,1.7829
2022-05-23,2.0158,1.7653
2022-05-24,2.0277,1.7598
2022-05-25,2.0283,1.7591
2022-05-26,2.029,1.7587
2022-05-27,2.0287,1.7579
2022-05-28,2.0249,1.7531
2022-05-29,2.0265,1.7551
2022-05-30,2.0553,1.789
2022-05-31,2.0573,1.7951
2022-06-01,2.0574,1.7961
2022-06-02,2.0577,1.7964
2022-06-03,2.0571,1.7956
2022-06-04,2.0532,1.7913
2022-06-05,2.0643,1.7973
2022-06-06,2.1712,1.8925
2022-06-07,2.1855,1.9042
2022-06-08,2.1877,1.9059
2022-06-09,2.188,1.9062
2022-06-10,2.1879,1.9058
2022-06-11,2.1844,1.9018
2022-06-12,2.1828,1.9086
2022-06-13,2.1703,2.0242
2022-06-14,2.1691,2.0368
2022-06-15,2.1687,2.0388
2022-06-16,2.1688,2.0395
2022-06-17,2.1681,2.0391
2022-06-18,2.1642,2.035
2022-06-19,2.1618,2.038
2022-06-20,2.1213,2.0802
2022-06-21,2.1118,2.0854
2022-06-22,2.1118,2.0995
2022-06-23,2.1114,2.0997
2022-06-24,2.1106,2.0989
2022-06-25,2.1064,2.0941
2022-06-26,2.1058,2.0939
2022-06-27,2.1012,2.0655
2022-06-28,2.1008,2.0624
2022-06-29,2.1006,2.0616
2022-06-30,2.1005,2.0615
2022-07-01,2.0998,2.0604
2022-07-02,2.096,2.0561
2022-07-03,2.0963,2.0538
2022-07-04,2.0838,1.9925
2022-07-05,2.0803,1.9834
2022-07-06,2.0728,1.9765
2022-07-07,2.073,1.9766
2022-07-08,2.0723,1.9758
2022-07-09,2.068,1.9712
2022-07-10,2.0709,1.974
2022-07-11,2.0192,1.9231
2022-07-12,2.0146,1.9155
2022-07-13,2.0141,1.9169
2022-07-14,2.0085,1.9091
2022-07-15,2.0076,1.9082
2022-07-16,2.0037,1.9038
2022-07-17,2.0003,1.9041
2022-07-18,1.955,1.9078
2022-07-19,1.9489,1.9073
2022-07-20,1.9604,1.91
2022-07-21,1.96,1.91
2022-07-22,1.9593,1.9093
2022-07-23,1.9555,1.9052
2022-07-24,1.9527,1.9032
2022-07-25,1.8953,1.8572
2022-07-26,1.8884,1.8513
2022-07-27,1.8873,1.8502
2022-07-28,1.8874,1.8502
2022-07-29,1.8866,1.8493
2022-07-30,1.8824,1.8449
2022-07-31,1.883,1.8454
2022-08-01,1.8888,1.8303
2022-08-02,1.8888,1.8257
2022-08-03,1.889,1.8255
2022-08-04,1.8892,1.8256
2022-08-05,1.8879,1.8243
2022-08-06,1.884,1.82
2022-08-07,1.8777,1.8159
2022-08-08,1.8052,1.7462
2022-08-09,1.7957,1.7365
2022-08-10,1.7938,1.7348
2022-08-11,1.7936,1.7345
2022-08-12,1.7929,1.7336
2022-08-13,1.789,1.7292
2022-08-14,1.7886,1.7288
2022-08-15,1.7865,1.7286
2022-08-16,1.7826,1.7249
2022-08-17,1.7809,1.7227
2022-08-18,1.7808,1.7224
2022-08-19,1.7805,1.7218
2022-08-20,1.7769,1.718
2022-08-21,1.7752,1.7206
2022-08-22,1.777,1.7707
2022-08-23,1.776,1.7777
2022-08-24,1.7778,1.7768
2022-08-25,1.7778,1.777
2022-08-26,1.7774,1.7767
2022-08-27,1.7735,1.7724
2022-08-28,1.7765,1.7786
2022-08-29,1.7807,1.8653
2022-08-30,1.781,1.8852
2022-08-31,1.7802,1.8861
2022-09-01,1.7803,1.887
2022-09-02,1.7798,1.8863
2022-09-03,1.7759,1.8822
2022-09-04,1.7714,1.8796
2022-09-05,1.7191,1.8291
2022-09-06,1.7125,1.823
2022-09-07,1.7117,1.8222
2022-09-08,1.7116,1.8218
2022-09-09,1.7105,1.8208
2022-09-10,1.7067,1.8166
2022-09-11,1.706,1.8173
2022-09-12,1.7034,1.8229
2022-09-13,1.7016,1.8232
2022-09-14,1.7013,1.8227
2022-09-15,1.7015,1.8231
2022-09-16,1.7013,1.823
2022-09-17,1.6974,1.8187
2022-09-18,1.6977,1.8171
2022-09-19,1.6945,1.7597
2022-09-20,1.6933,1.753
2022-09-21,1.693,1.7521
2022-09-22,1.6929,1.7519
2022-09-23,1.6927,1.7515
2022-09-24,1.6887,1.7469
2022-09-25,1.6881,1.7468
2022-09-26,1.6879,1.7367
2022-09-27,1.6837,1.7356
2022-09-28,1.6831,1.735
2022-09-29,1.6831,1.7349
2022-09-30,1.6827,1.7342
2022-10-01,1.6788,1.7301
2022-10-02,1.6808,1.7313
2022-10-03,1.7007,1.7516
2022-10-04,1.7445,1.7571
2022-10-05,1.7495,1.757
2022-10-06,1.7488,1.7561
2022-10-07,1.7487,1.7556
2022-10-08,1.745,1.7516
2022-10-09,1.7535,1.7589
2022-10-10,1.8251,1.8564
2022-10-11,1.8492,1.8919
2022-10-12,1.8507,1.893
2022-10-13,1.8514,1.8936
2022-10-14,1.8508,1.8929
2022-10-15,1.8471,1.8887
2022-10-16,1.8509,1.8932
2022-10-17,1.8863,1.9543
2022-10-18,1.889,1.9576
2022-10-19,1.8893,1.9589
2022-10-20,1.8894,1.959
2022-10-21,1.8889,1.9582
2022-10-22,1.885,1.9538
2022-10-23,1.8806,1.9542
2022-10-24,1.8348,1.9527
2022-10-25,1.8283,1.9521
2022-10-26,1.8276,1.9519
2022-10-27,1.8275,1.9519
2022-10-28,1.8268,1.9512
2022-10-29,1.823,1.9469
2022-10-30,1.8223,1.9466
2022-10-31,1.817,1.9407
2022-11-01,1.8157,1.939
2022-11-02,1.813,1.9367
2022-11-03,1.8124,1.9361
2022-11-04,1.8058,1.933
2022-11-05,1.8014,1.9283
2022-11-06,1.8027,1.9262
2022-11-07,1.8228,1.8787
2022-11-08,1.824,1.8708
2022-11-09,1.824,1.8701
2022-11-10,1.8241,1.8699
2022-11-11,1.8236,1.8691
2022-11-12,1.8197,1.8648
2022-11-13,1.8164,1.8626
2022-11-14,1.7849,1.797
2022-11-15,1.781,1.789
2022-11-16,1.7792,1.7864
2022-11-17,1.7792,1.7863
2022-11-18,1.7785,1.7852
2022-11-19,1.7747,1.781
2022-11-20,1.7681,1.7767
2022-11-21,1.7032,1.7012
2022-11-22,1.6957,1.6923
2022-11-23,1.6947,1.6909
2022-11-24,1.6944,1.6909
2022-11-25,1.6942,1.6905
2022-11-26,1.69,1.6859
2022-11-27,1.6867,1.684
2022-11-28,1.6475,1.6438
2022-11-29,1.6428,1.6391
2022-11-30,1.6419,1.6383
2022-12-01,1.6419,1.6384
2022-12-02,1.6413,1.6375
2022-12-03,1.6375,1.6333
2022-12-04,1.6349,1.6317
2022-12-05,1.6521,1.6434
2022-12-06,1.6549,1.6468
2022-12-07,1.6551,1.6471
2022-12-08,1.6552,1.6473
2022-12-09,1.66,1.6542
2022-12-10,1.6558,1.6494
2022-12-11,1.65,1.6445
2022-12-12,1.5933,1.5631
2022-12-13,1.5868,1.5548
2022-12-14,1.5855,1.5534
2022-12-15,1.5856,1.5535
2022-12-16,1.5849,1.5526
2022-12-17,1.581,1.5483
2022-12-18,1.5813,1.5521
2022-12-19,1.5815,1.6079
2022-12-20,1.5809,1.6123
2022-12-21,1.5807,1.6125
2022-12-22,1.5807,1.613
2022-12-23,1.5802,1.6123
2022-12-24,1.5764,1.6082
2022-12-25,1.5785,1.6079
2022-12-26,1.6001,1.6065
2022-12-27,1.6065,1.6053
2022-12-28,1.6067,1.6051
2022-12-29,1.6068,1.6052
2022-12-30,1.6105,1.6054
2022-12-31,1.6063,1.6011
2023-01-01,1.6068,1.6015
2023-01-02,1.6697,1.6335
2023-01-03,1.677,1.6351
2023-01-04,1.6784,1.6356
2023-01-05,1.6788,1.6357
2023-01-06,1.6781,1.6349
2023-01-07,1.674,1.6303
2023-01-08,1.6724,1.6281
2023-01-09,1.6609,1.5994
2023-01-10,1.6588,1.5967
2023-01-11,1.6583,1.5963
2023-01-12,1.6587,1.5965
2023-01-13,1.658,1.5956
2023-01-14,1.6539,1.5912
2023-01-15,1.6552,1.592
2023-01-16,1.6724,1.6112
2023-01-17,1.6715,1.6122
2023-01-18,1.6709,1.6117
2023-01-19,1.6713,1.6123
2023-01-20,1.6711,1.6119
2023-01-21,1.6669,1.6072
2023-01-22,1.6708,1.6093
2023-01-23,1.7049,1.6336
2023-01-24,1.7104,1.6387
2023-01-25,1.7095,1.6383
2023-01-26,1.7102,1.6388
2023-01-27,1.7096,1.6381
2023-01-28,1.7054,1.6335
2023-01-29,1.7092,1.635
2023-01-30,1.7391,1.6496
2023-01-31,1.7449,1.6526
2023-02-01,1.745,1.6522
2023-02-02,1.7454,1.6525
2023-02-03,1.7449,1.6518
2023-02-04,1.7409,1.6474
2023-02-05,1.7383,1.6443
2023-02-06,1.6893,1.58
2023-02-07,1.6769,1.5616
2023-02-08,1.6758,1.5604
2023-02-09,1.676,1.5605
2023-02-10,1.6753,1.5597
2023-02-11,1.6711,1.5551
2023-02-12,1.6713,1.5553
2023-02-13,1.6683,1.5329
2023-02-14,1.6658,1.5262
2023-02-15,1.6651,1.5255
2023-02-16,1.6656,1.5258
2023-02-17,1.6648,1.5248
2023-02-18,1.6606,1.5202
2023-02-19,1.6627,1.5222
2023-02-20,1.6733,1.5378
2023-02-21,1.6738,1.539
2023-02-22,1.6739,1.5394
2023-02-23,1.6742,1.5397
2023-02-24,1.6737,1.5389
2023-02-25,1.6695,1.5344
2023-02-26,1.6698,1.5337
2023-02-27,1.6678,1.5207
2023-02-28,1.6658,1.518
2023-03-01,1.665,1.5171
2023-03-02,1.6655,1.5175
2023-03-03,1.6648,1.5164
2023-03-04,1.6607,1.5119
2023-03-05,1.662,1.5145
2023-03-06,1.6829,1.5661
2023-03-07,1.6852,1.5712
2023-03-08,1.6841,1.5695
2023-03-09,1.6846,1.57
2023-03-10,1.684,1.5693
2023-03-11,1.6799,1.5649
2023-03-12,1.6799,1.5653
2023-03-13,1.6877,1.5518
2023-03-14,1.6894,1.5479
2023-03-15,1.689,1.5474
2023-03-16,1.6892,1.5475
2023-03-17,1.6887,1.5468
2023-03-18,1.6846,1.5424
2023-03-19,1.6823,1.5411
2023-03-20,1.6568,1.5151
2023-03-21,1.6533,1.5121
2023-03-22,1.6528,1.5112
2023-03-23,1.6531,1.5115
2023-03-24,1.6525,1.5107
2023-03-25,1.6486,1.5065
2023-03-26,1.6505,1.5066
2023-03-27,1.6674,1.5067
2023-03-28,1.6689,1.5062
2023-03-29,1.6686,1.5056
2023-03-30,1.6691,1.5062
2023-03-31,1.6685,1.5053
2023-04-01,1.6644,1.5009
2023-04-02,1.668,1.5006
2023-04-03,1.6931,1.494
2023-04-04,1.6973,1.4905
2023-04-05,1.6971,1.4897
2023-04-06,1.6975,1.4898
2023-04-07,1.6969,1.489
2023-04-08,1.6932,1.4847
2023-04-09,1.6936,1.4852
2023-04-10,1.7071,1.4981
2023-04-11,1.7076,1.4993
2023-04-12,1.7079,1.4996
2023-04-13,1.7085,1.5003
2023-04-14,1.7079,1.4994
2023-04-15,1.7037,1.495
2023-04-16,1.7043,1.4954
2023-04-17,1.7135,1.4898
2023-04-18,1.7124,1.4925
2023-04-19,1.712,1.4948
2023-04-20,1.7126,1.4955
2023-04-21,1.712,1.4946
2023-04-22,1.7082,1.4904
2023-04-23,1.7044,1.4898
2023-04-24,1.6733,1.4726
2023-04-25,1.6656,1.4683
2023-04-26,1.6641,1.4673
2023-04-27,1.664,1.4671
2023-04-28,1.6632,1.4663
2023-04-29,1.659,1.4619
2023-04-30,1.6576,1.4606
2023-05-01,1.6587,1.4537
2023-05-02,1.6555,1.4473
2023-05-03,1.6551,1.4465
2023-05-04,1.6567,1.4477
2023-05-05,1.6578,1.4481
2023-05-06,1.6537,1.4437
2023-05-07,1.6503,1.4418
2023-05-08,1.6134,1.4048
2023-05-09,1.6088,1.4007
2023-05-10,1.6081,1.3999
2023-05-11,1.608,1.3998
2023-05-12,1.6072,1.3988
2023-05-13,1.6029,1.3943
2023-05-14,1.6059,1.3962
2023-05-15,1.6373,1.4248
2023-05-16,1.6409,1.427
2023-05-17,1.641,1.427
2023-05-18,1.6414,1.4272
2023-05-19,1.6409,1.4265
2023-05-20,1.6368,1.4221
2023-05-21,1.638,1.423
2023-05-22,1.6536,1.4394
2023-05-23,1.657,1.4422
2023-05-24,1.6566,1.442
2023-05-25,1.657,1.4425
2023-05-26,1.6563,1.4417
2023-05-27,1.6523,1.4374
2023-05-28,1.6553,1.4378
2023-05-29,1.6784,1.4438
2023-05-30,1.6834,1.444
2023-05-31,1.6835,1.4436
2023-06-01,1.684,1.444
2023-06-02,1.6831,1.443
2023-06-03,1.6791,1.4387
2023-06-04,1.6776,1.4385
2023-06-05,1.6637,1.4385
2023-06-06,1.675,1.4513
2023-06-07,1.6801,1.4565
2023-06-08,1.6812,1.4578
2023-06-09,1.681,1.4575
2023-06-10,1.6771,1.4532
2023-06-11,1.6792,1.4547
2023-06-12,1.7015,1.4796
2023-06-13,1.702,1.4815
2023-06-14,1.7019,1.4815
2023-06-15,1.7025,1.4818
2023-06-16,1.702,1.4812
2023-06-17,1.6981,1.4769
2023-06-18,1.6967,1.4767
2023-06-19,1.6847,1.482
2023-06-20,1.6829,1.4822
2023-06-21,1.6826,1.4823
2023-06-22,1.6826,1.4824
2023-06-23,1.6819,1.4817
2023-06-24,1.6779,1.4774
2023-06-25,1.6781,1.4794
2023-06-26,1.6716,1.4986
2023-06-27,1.6704,1.5002
2023-06-28,1.6696,1.4999
2023-06-29,1.6699,1.5003
2023-06-30,1.6696,1.5002
2023-07-01,1.6657,1.4958
2023-07-02,1.6643,1.4953
2023-07-03,1.6479,1.4839
2023-07-04,1.6569,1.4957
2023-07-05,1.6632,1.5018
2023-07-06,1.6644,1.5031
2023-07-07,1.6641,1.5029
2023-07-08,1.6601,1.4986
2023-07-09,1.6623,1.5001
2023-07-10,1.6813,1.5185
2023-07-11,1.6845,1.5205
2023-07-12,1.6847,1.5208
2023-07-13,1.685,1.5211
2023-07-14,1.6846,1.5204
2023-07-15,1.6806,1.516
2023-07-16,1.6817,1.5172
2023-07-17,1.6968,1.535
2023-07-18,1.6991,1.536
2023-07-19,1.6988,1.5358
2023-07-20,1.6992,1.5362
2023-07-21,1.6986,1.5354
2023-07-22,1.6948,1.5313
2023-07-23,1.6961,1.5317
2023-07-24,1.7191,1.5385
2023-07-25,1.7221,1.5384
2023-07-26,1.7221,1.5382
2023-07-27,1.7228,1.5385
2023-07-28,1.7225,1.538
2023-07-29,1.7322,1.5499
2023-07-30,1.7408,1.5551
2023-07-31,1.8091,1.6257
2023-08-01,1.8168,1.633
2023-08-02,1.8172,1.6335
2023-08-03,1.8177,1.634
2023-08-04,1.8171,1.6332
2023-08-05,1.8133,1.629
2023-08-06,1.8145,1.6329
2023-08-07,1.8229,1.6875
2023-08-08,1.8235,1.692
2023-08-09,1.8232,1.6923
2023-08-10,1.8234,1.6927
2023-08-11,1.8228,1.692
2023-08-12,1.8188,1.6876
2023-08-13,1.8192,1.6886
2023-08-14,1.827,1.7055
2023-08-15,1.8274,1.7066
2023-08-16,1.8276,1.7069
2023-08-17,1.828,1.7076
2023-08-18,1.8271,1.7065
2023-08-19,1.8232,1.7022
2023-08-20,1.8262,1.702
2023-08-21,1.8545,1.7032
2023-08-22,1.8568,1.7025
2023-08-23,1.8567,1.7017
2023-08-24,1.8572,1.702
2023-08-25,1.8567,1.7013
2023-08-26,1.853,1.6973
2023-08-27,1.8544,1.6992
2023-08-28,1.872,1.7243
2023-08-29,1.8743,1.7255
2023-08-30,1.8739,1.7252
2023-08-31,1.8739,1.7251
2023-09-01,1.8736,1.7249
2023-09-02,1.8697,1.7206
2023-09-03,1.87,1.721
2023-09-04,1.8716,1.7196
2023-09-05,1.8706,1.7181
2023-09-06,1.8703,1.7179
2023-09-07,1.8705,1.7181
2023-09-08,1.8698,1.7172
2023-09-09,1.8658,1.7129
2023-09-10,1.8645,1.7152
2023-09-11,1.8587,1.7515
2023-09-12,1.8562,1.759
2023-09-13,1.8557,1.7592
2023-09-14,1.8558,1.7596
2023-09-15,1.8551,1.7587
2023-09-16,1.851,1.7544
2023-09-17,1.8515,1.7584
2023-09-18,1.8567,1.8052
2023-09-19,1.8588,1.8146
2023-09-20,1.8586,1.8148
2023-09-21,1.8589,1.8151
2023-09-22,1.8584,1.8144
2023-09-23,1.8543,1.8101
2023-09-24,1.8547,1.8094
2023-09-25,1.865,1.8051
2023-09-26,1.8578,1.7864
2023-09-27,1.8553,1.7821
2023-09-28,1.8556,1.7822
2023-09-29,1.8549,1.781
2023-09-30,1.8508,1.7765
2023-10-01,1.852,1.777
2023-10-02,1.8528,1.7815
2023-10-03,1.8524,1.7806
2023-10-04,1.8517,1.78
2023-10-05,1.852,1.7803
2023-10-06,1.8524,1.78
2023-10-07,1.8545,1.7845
2023-10-08,1.8467,1.7821
2023-10-09,1.7979,1.7439
2023-10-10,1.7847,1.7299
2023-10-11,1.7841,1.7294
2023-10-12,1.7835,1.7292
2023-10-13,1.7826,1.7281
2023-10-14,1.7785,1.7235
2023-10-15,1.7762,1.7223
2023-10-16,1.7599,1.7113
2023-10-17,1.7543,1.707
2023-10-18,1.7538,1.7065
2023-10-19,1.7539,1.7067
2023-10-20,1.7532,1.7057
2023-10-21,1.7491,1.7013
2023-10-22,1.7513,1.7034
2023-10-23,1.774,1.7263
2023-10-24,1.7751,1.7279
2023-10-25,1.775,1.7279
2023-10-26,1.7754,1.728
2023-10-27,1.7749,1.7274
2023-10-28,1.7708,1.723
2023-10-29,1.7703,1.7222
2023-10-30,1.7683,1.7059
2023-10-31,1.767,1.6998
2023-11-01,1.7665,1.6992
2023-11-02,1.7664,1.6989
2023-11-03,1.7657,1.698
2023-11-04,1.7617,1.6936
2023-11-05,1.7621,1.6941
2023-11-06,1.7642,1.6924
2023-11-07,1.7652,1.6917
2023-11-08,1.7648,1.6914
2023-11-09,1.7656,1.692
2023-11-10,1.7645,1.6909
2023-11-11,1.7606,1.6864
2023-11-12,1.759,1.6845
2023-11-13,1.7392,1.649
2023-11-14,1.7361,1.6443
2023-11-15,1.7355,1.6432
2023-11-16,1.7357,1.6432
2023-11-17,1.735,1.6423
2023-11-18,1.731,1.6378
2023-11-19,1.7285,1.6377
2023-11-20,1.7027,1.6311
2023-11-21,1.6951,1.6297
2023-11-22,1.694,1.6291
2023-11-23,1.6943,1.6294
2023-11-24,1.6932,1.6283
2023-11-25,1.6892,1.6239
2023-11-26,1.6885,1.6242
2023-11-27,1.6801,1.6272
2023-11-28,1.6759,1.6259
2023-11-29,1.6753,1.6257
2023-11-30,1.6757,1.626
2023-12-01,1.6752,1.6256
2023-12-02,1.6711,1.6211
2023-12-03,1.6712,1.6207
2023-12-04,1.6671,1.6071
2023-12-05,1.6654,1.6044
2023-12-06,1.6646,1.6038
2023-12-07,1.6646,1.604
2023-12-08,1.664,1.6031
2023-12-09,1.66,1.5986
2023-12-10,1.6583,1.5972
2023-12-11,1.6422,1.5759
2023-12-12,1.64,1.5728
2023-12-13,1.6392,1.572
2023-12-14,1.6394,1.5719
2023-12-15,1.6386,1.571
2023-12-16,1.6337,1.566
2023-12-17,1.6334,1.5654
2023-12-18,1.628,1.554
2023-12-19,1.6267,1.5523
2023-12-20,1.6261,1.5514
2023-12-21,1.6265,1.5515
2023-12-22,1.6259,1.5508
2023-12-23,1.6217,1.5462
2023-12-24,1.6223,1.5469
2023-12-25,1.6405,1.5737
2023-12-26,1.6451,1.5838
2023-12-27,1.6462,1.5855
2023-12-28,1.6464,1.5859
2023-12-29,1.6459,1.5852
2023-12-30,1.6416,1.5805
2023-12-31,1.6416,1.5796
2024-01-01,1.6434,1.5666
2024-01-02,1.6425,1.5585
2024-01-03,1.6416,1.5542
2024-01-04,1.6413,1.553
2024-01-05,1.6407,1.5521
2024-01-06,1.6365,1.5474
2024-01-07,1.6371,1.5484
2024-01-08,1.644,1.552
2024-01-09,1.6447,1.5501
2024-01-10,1.6443,1.5496
2024-01-11,1.6446,1.5499
2024-01-12,1.6447,1.5495
2024-01-13,1.6411,1.5457
2024-01-14,1.6422,1.5473
2024-01-15,1.6453,1.5613
2024-01-16,1.6447,1.561
2024-01-17,1.6443,1.5606
2024-01-18,1.6451,1.5615
2024-01-19,1.6444,1.5605
2024-01-20,1.6436,1.558
2024-01-21,1.6421,1.5574
2024-01-22,1.6632,1.5789
2024-01-23,1.6642,1.5797
2024-01-24,1.6639,1.5794
2024-01-25,1.6644,1.5798
2024-01-26,1.6638,1.5789
2024-01-27,1.6596,1.5743
2024-01-28,1.6628,1.5766
2024-01-29,1.6858,1.6042
2024-01-30,1.6873,1.6057
2024-01-31,1.6873,1.6055
2024-02-01,1.6878,1.6059
2024-02-02,1.687,1.6049
2024-02-03,1.6828,1.6003
2024-02-04,1.6849,1.6023
2024-02-05,1.6957,1.6261
2024-02-06,1.6968,1.6301
2024-02-07,1.6965,1.63
2024-02-08,1.6968,1.6305
2024-02-09,1.6962,1.6295
2024-02-10,1.692,1.625
2024-02-11,1.6933,1.6259
2024-02-12,1.7064,1.6466
2024-02-13,1.7071,1.6476
2024-02-14,1.7071,1.6482
2024-02-15,1.7074,1.6485
2024-02-16,1.7068,1.6476
2024-02-17,1.7026,1.6431
2024-02-18,1.7057,1.6452
2024-02-19,1.7331,1.6643
2024-02-20,1.7372,1.6658
2024-02-21,1.7372,1.6656
2024-02-22,1.7376,1.666
2024-02-23,1.737,1.665
2024-02-24,1.7327,1.6603
2024-02-25,1.7322,1.6591
2024-02-26,1.7271,1.6401
2024-02-27,1.7265,1.638
2024-02-28,1.726,1.637
2024-02-29,1.7259,1.637
2024-03-01,1.725,1.6359
2024-03-02,1.7207,1.6312
2024-03-03,1.7211,1.6311
2024-03-04,1.734,1.6299
2024-03-05,1.735,1.6288
2024-03-06,1.7351,1.6285
2024-03-07,1.7355,1.629
2024-03-08,1.7349,1.6281
2024-03-09,1.731,1.6236
2024-03-10,1.7312,1.6232
2024-03-11,1.7322,1.6158
2024-03-12,1.7315,1.6144
2024-03-13,1.7306,1.6131
2024-03-14,1.7311,1.6134
2024-03-15,1.7303,1.6123
2024-03-16,1.7259,1.6076
2024-03-17,1.7271,1.608
2024-03-18,1.7414,1.6131
2024-03-19,1.743,1.6129
2024-03-20,1.7433,1.6129
2024-03-21,1.7446,1.6158
2024-03-22,1.7444,1.6154
2024-03-23,1.7399,1.6103
2024-03-24,1.7431,1.612
2024-03-25,1.7758,1.6301
2024-03-26,1.7766,1.6275
2024-03-27,1.7765,1.6275
2024-03-28,1.777,1.628
2024-03-29,1.7738,1.6241
2024-03-30,1.7721,1.6222
2024-03-31,1.7723,1.6224
2024-04-01,1.7961,1.6197
2024-04-02,1.8004,1.6178
2024-04-03,1.8005,1.6172
2024-04-04,1.8008,1.6176
2024-04-05,1.8003,1.6167
2024-04-06,1.7959,1.6119
2024-04-07,1.7971,1.6145
2024-04-08,1.8103,1.6442
2024-04-09,1.8119,1.6489
2024-04-10,1.8117,1.6488
2024-04-11,1.8121,1.6493
2024-04-12,1.8113,1.6483
2024-04-13,1.807,1.6435
2024-04-14,1.8067,1.6433
2024-04-15,1.8102,1.6315
2024-04-16,1.8101,1.6293
2024-04-17,1.8098,1.6286
2024-04-18,1.81,1.6289
2024-04-19,1.8093,1.6279
2024-04-20,1.805,1.6231
2024-04-21,1.8072,1.623
2024-04-22,1.8209,1.6077
2024-04-23,1.8216,1.6058
2024-04-24,1.8215,1.6053
2024-04-25,1.8218,1.6055
2024-04-26,1.8213,1.6049
2024-04-27,1.8168,1.6
2024-04-28,1.8161,1.5999
2024-04-29,1.8075,1.5914
2024-04-30,1.804,1.5871
2024-05-01,1.8037,1.5866
2024-05-02,1.8039,1.5869
2024-05-03,1.8032,1.586
2024-05-04,1.7989,1.5812
2024-05-05,1.7981,1.5809
2024-05-06,1.7864,1.5704
2024-05-07,1.7846,1.5695
2024-05-08,1.7841,1.5688
2024-05-09,1.7844,1.5691
2024-05-10,1.7837,1.568
2024-05-11,1.7794,1.5633
2024-05-12,1.7767,1.5636
2024-05-13,1.7555,1.5646
2024-05-14,1.754,1.5639
2024-05-15,1.7533,1.5635
2024-05-16,1.7537,1.5639
2024-05-17,1.753,1.5629
2024-05-18,1.7486,1.5581
2024-05-19,1.748,1.5578
2024-05-20,1.7488,1.5533
2024-05-21,1.7484,1.5522
2024-05-22,1.7481,1.5517
2024-05-23,1.7483,1.5519
2024-05-24,1.7477,1.551
2024-05-25,1.7434,1.5463
2024-05-26,1.7435,1.5466
2024-05-27,1.745,1.5516
2024-05-28,1.7531,1.5558
2024-05-29,1.754,1.557
2024-05-30,1.7558,1.5584
2024-05-31,1.7557,1.5581
2024-06-01,1.7505,1.5527
2024-06-02,1.7408,1.5486
2024-06-03,1.7325,1.5508
2024-06-04,1.7304,1.5494
2024-06-05,1.7291,1.5484
2024-06-06,1.7294,1.5489
2024-06-07,1.7286,1.5477
2024-06-08,1.7243,1.5429
2024-06-09,1.7218,1.5416
2024-06-10,1.7024,1.5232
2024-06-11,1.6972,1.5186
2024-06-12,1.6958,1.517
2024-06-13,1.6957,1.5171
2024-06-14,1.6952,1.5163
2024-06-15,1.6907,1.5115
2024-06-16,1.692,1.5141
2024-06-17,1.7078,1.5506
2024-06-18,1.7108,1.5574
2024-06-19,1.7102,1.5573
2024-06-20,1.7107,1.558
2024-06-21,1.7101,1.5571
2024-06-22,1.7057,1.5524
2024-06-23,1.7078,1.5545
2024-06-24,1.7259,1.5852
2024-06-25,1.7277,1.5889
2024-06-26,1.7276,1.5887
2024-06-27,1.7282,1.5894
2024-06-28,1.7274,1.5884
2024-06-29,1.7231,1.5838
2024-06-30,1.7234,1.584
2024-07-01,1.7368,1.5942
2024-07-02,1.7376,1.5949
2024-07-03,1.7374,1.5945
2024-07-04,1.7377,1.5949
2024-07-05,1.7371,1.5939
2024-07-06,1.7327,1.5892
2024-07-07,1.7349,1.5902
2024-07-08,1.7505,1.604
2024-07-09,1.7513,1.6047
2024-07-10,1.751,1.6045
2024-07-11,1.7515,1.6049
2024-07-12,1.7508,1.6038
2024-07-13,1.7465,1.5991
2024-07-14,1.7457,1.5983
2024-07-15,1.7365,1.5828
2024-07-16,1.7351,1.5808
2024-07-17,1.7348,1.5804
2024-07-18,1.7351,1.5807
2024-07-19,1.7345,1.5797
2024-07-20,1.7302,1.5751
2024-07-21,1.7296,1.5743
2024-07-22,1.7256,1.5645
2024-07-23,1.7245,1.563
2024-07-24,1.7241,1.5623
2024-07-25,1.7243,1.5625
2024-07-26,1.7236,1.5616
2024-07-27,1.7193,1.557
2024-07-28,1.7186,1.5568
2024-07-29,1.7134,1.5532
2024-07-30,1.712,1.5519
2024-07-31,1.7156,1.5592
2024-08-01,1.7164,1.56
2024-08-02,1.7159,1.5593
2024-08-03,1.7109,1.5537
2024-08-04,1.7114,1.5542
2024-08-05,1.7125,1.5438
2024-08-06,1.7164,1.5452
2024-08-07,1.7133,1.5431
2024-08-08,1.7137,1.5434
2024-08-09,1.7134,1.5429
2024-08-10,1.7089,1.538
2024-08-11,1.7054,1.5362
2024-08-12,1.6866,1.5251
2024-08-13,1.682,1.5208
2024-08-14,1.6814,1.5205
2024-08-15,1.6816,1.5208
2024-08-16,1.6809,1.5198
2024-08-17,1.6766,1.5151
2024-08-18,1.679,1.5169
2024-08-19,1.6891,1.5297
2024-08-20,1.6893,1.5301
2024-08-21,1.689,1.5299
2024-08-22,1.6891,1.5301
2024-08-23,1.6887,1.5294
2024-08-24,1.6843,1.5247
2024-08-25,1.6846,1.5252
2024-08-26,1.6828,1.531
2024-08-27,1.6803,1.5306
2024-08-28,1.6806,1.5313
2024-08-29,1.681,1.5318
2024-08-30,1.6806,1.5318
2024-08-31,1.6764,1.5269
2024-09-01,1.6752,1.5269
2024-09-02,1.6698,1.5295
2024-09-03,1.6683,1.5273
2024-09-04,1.6679,1.5269
2024-09-05,1.6681,1.5273
2024-09-06,1.6729,1.5357
2024-09-07,1.6682,1.5306
2024-09-08,1.6643,1.5297
2024-09-09,1.6421,1.5257
2024-09-10,1.6469,1.5332
2024-09-11,1.6463,1.533
2024-09-12,1.6464,1.5335
2024-09-13,1.6459,1.5327
2024-09-14,1.6412,1.5276
2024-09-15,1.6417,1.5281
2024-09-16,1.6508,1.5348
2024-09-17,1.6496,1.5313
2024-09-18,1.6493,1.5301
2024-09-19,1.6515,1.5324
2024-09-20,1.652,1.5336
2024-09-21,1.6475,1.5287
2024-09-22,1.6466,1.5281
2024-09-23,1.6624,1.5363
2024-09-24,1.663,1.5374
2024-09-25,1.6629,1.5371
2024-09-26,1.6633,1.5379
2024-09-27,1.6627,1.5369
2024-09-28,1.6593,1.533
2024-09-29,1.6596,1.5334
2024-09-30,1.6591,1.5417
2024-10-01,1.6586,1.5402
2024-10-02,1.6667,1.5472
2024-10-03,1.6685,1.5491
2024-10-04,1.6676,1.5478
2024-10-05,1.6627,1.5426
2024-10-06,1.6559,1.5383
2024-10-07,1.6791,1.5572
2024-10-08,1.6794,1.5569
2024-10-09,1.6791,1.5561
2024-10-10,1.6805,1.558
2024-10-11,1.6798,1.5571
2024-10-12,1.6751,1.5519
2024-10-13,1.6755,1.5526
2024-10-14,1.7065,1.5825
2024-10-15,1.712,1.5867
2024-10-16,1.7123,1.5867
2024-10-17,1.7129,1.5874
2024-10-18,1.7119,1.5862
2024-10-19,1.7073,1.5811
2024-10-20,1.7076,1.5815
2024-10-21,1.706,1.5628
2024-10-22,1.705,1.5592
2024-10-23,1.7046,1.5588
2024-10-24,1.7047,1.5583
2024-10-25,1.7041,1.5574
2024-10-26,1.6994,1.5523
2024-10-27,1.6998,1.5527
2024-10-28,1.7116,1.5648
2024-10-29,1.7131,1.5661
2024-10-30,1.7139,1.5669
2024-10-31,1.7147,1.5687
2024-11-01,1.7139,1.5679
2024-11-02,1.7094,1.5627
2024-11-03,1.7093,1.5633
2024-11-04,1.6812,1.5584
2024-11-05,1.6767,1.5579
2024-11-06,1.6763,1.5574
2024-11-07,1.6766,1.5574
2024-11-08,1.6757,1.5565
2024-11-09,1.6714,1.5518
2024-11-10,1.6718,1.5523
2024-11-11,1.6904,1.5804
2024-11-12,1.6919,1.5835
2024-11-13,1.6913,1.5826
2024-11-14,1.6923,1.5835
2024-11-15,1.6911,1.5825
2024-11-16,1.6865,1.5775
2024-11-17,1.6869,1.5779
2024-11-18,1.6948,1.5811
2024-11-19,1.697,1.5797
2024-11-20,1.6976,1.5791
2024-11-21,1.6984,1.5799
2024-11-22,1.6988,1.5799
2024-11-23,1.6943,1.575
2024-11-24,1.6949,1.5757
2024-11-25,1.7154,1.6011
2024-11-26,1.7154,1.6027
2024-11-27,1.7156,1.6029
2024-11-28,1.7159,1.603
2024-11-29,1.715,1.6026
2024-11-30,1.7104,1.5975
2024-12-01,1.7108,1.5983
2024-12-02,1.7042,1.6005
2024-12-03,1.7018,1.6001
2024-12-04,1.7032,1.599
2024-12-05,1.7027,1.6015
2024-12-06,1.7024,1.6012
2024-12-07,1.6978,1.5962
2024-12-08,1.6976,1.5959
2024-12-09,1.6994,1.5905
2024-12-10,1.698,1.5882
2024-12-11,1.6986,1.589
2024-12-12,1.6991,1.5909
2024-12-13,1.6986,1.5901
2024-12-14,1.6938,1.5847
2024-12-15,1.6941,1.5852
2024-12-16,1.7126,1.596
2024-12-17,1.7137,1.5962
2024-12-18,1.7132,1.5954
2024-12-19,1.7138,1.5959
2024-12-20,1.7131,1.5948
2024-12-21,1.7083,1.5895
2024-12-22,1.7085,1.5899
2024-12-23,1.7176,1.609
2024-12-24,1.7178,1.61
2024-12-25,1.7174,1.6097
2024-12-26,1.7182,1.6108
2024-12-27,1.7178,1.6102
2024-12-28,1.7132,1.6049
2024-12-29,1.7136,1.6056
2024-12-30,1.7186,1.6105
2024-12-31,1.719,1.6098
2025-01-01,1.7215,1.6092
2025-01-02,1.725,1.6123
2025-01-03,1.7263,1.6136
2025-01-04,1.721,1.608
2025-01-05,1.7208,1.6086
2025-01-06,1.7462,1.6333
2025-01-07,1.7504,1.6346
2025-01-08,1.7498,1.6339
2025-01-09,1.7498,1.6339
2025-01-10,1.7491,1.633
2025-01-11,1.7444,1.6276
2025-01-12,1.7448,1.6282
2025-01-13,1.7502,1.6402
2025-01-14,1.7503,1.6422
2025-01-15,1.75,1.6427
2025-01-16,1.7509,1.6439
2025-01-17,1.7503,1.6436
2025-01-18,1.7465,1.6392
2025-01-19,1.7458,1.6386
2025-01-20,1.7762,1.6873
2025-01-21,1.7789,1.6927
2025-01-22,1.7786,1.6924
2025-01-23,1.7793,1.6933
2025-01-24,1.7786,1.6924
2025-01-25,1.7741,1.6874
2025-01-26,1.7742,1.6876
2025-01-27,1.7703,1.6689
2025-01-28,1.769,1.665
2025-01-29,1.7685,1.6645
2025-01-30,1.769,1.6649
2025-01-31,1.7683,1.6639
2025-02-01,1.7642,1.6593
2025-02-02,1.7645,1.6595
2025-02-03,1.7632,1.6452
2025-02-04,1.763,1.6423
2025-02-05,1.7625,1.6415
2025-02-06,1.7631,1.6421
2025-02-07,1.7625,1.6411
2025-02-08,1.7579,1.6356
2025-02-09,1.7584,1.6364
2025-02-10,1.7715,1.6464
2025-02-11,1.7724,1.6467
2025-02-12,1.7726,1.6464
2025-02-13,1.7735,1.647
2025-02-14,1.7727,1.6459
2025-02-15,1.7686,1.6413
2025-02-16,1.7689,1.6418
2025-02-17,1.7733,1.659
2025-02-18,1.7732,1.6614
2025-02-19,1.7706,1.663
2025-02-20,1.7698,1.6606
2025-02-21,1.7693,1.6602
2025-02-22,1.766,1.657
2025-02-23,1.7679,1.659
2025-02-24,1.7621,1.6643
2025-02-25,1.7598,1.6632
2025-02-26,1.7593,1.6629
2025-02-27,1.76,1.6639
2025-02-28,1.7588,1.6626
2025-03-01,1.7547,1.6581
2025-03-02,1.7565,1.6598
2025-03-03,1.7399,1.6412
2025-03-04,1.7366,1.6375
2025-03-05,1.7351,1.6358
2025-03-06,1.7358,1.6365
2025-03-07,1.7344,1.6345
2025-03-08,1.7303,1.6301
2025-03-09,1.7301,1.6302
2025-03-10,1.6989,1.6061
2025-03-11,1.6928,1.6014
2025-03-12,1.6918,1.6004
2025-03-13,1.6918,1.6006
2025-03-14,1.6903,1.5988
2025-03-15,1.6863,1.5945
2025-03-16,1.6873,1.5951
2025-03-17,1.6904,1.5843
2025-03-18,1.6897,1.5813
2025-03-19,1.6895,1.581
2025-03-20,1.6902,1.5815
2025-03-21,1.6888,1.5797
2025-03-22,1.6846,1.5753
2025-03-23,1.6864,1.5765
2025-03-24,1.7075,1.5812
2025-03-25,1.7089,1.5809
2025-03-26,1.7089,1.5802
2025-03-27,1.7095,1.5805
2025-03-28,1.7081,1.579
2025-03-29,1.7043,1.5745
2025-03-30,1.7067,1.5766
2025-03-31,1.7445,1.5975
2025-04-01,1.7484,1.5994
2025-04-02,1.748,1.5992
2025-04-03,1.7484,1.5997
2025-04-04,1.7473,1.5979
2025-04-05,1.7432,1.5935
2025-04-06,1.744,1.5941
2025-04-07,1.744,1.5873
2025-04-08,1.7428,1.5845
2025-04-09,1.744,1.5847
2025-04-10,1.7436,1.5846
2025-04-11,1.7443,1.5841
2025-04-12,1.7402,1.5796
2025-04-13,1.7393,1.5791
2025-04-14,1.6808,1.5294
2025-04-15,1.672,1.5204
2025-04-16,1.6704,1.5189
2025-04-17,1.6703,1.5191
2025-04-18,1.6691,1.5175
2025-04-19,1.6647,1.5132
2025-04-20,1.6663,1.5146
2025-04-21,1.6735,1.5193
2025-04-22,1.6736,1.5191
2025-04-23,1.6761,1.5222
2025-04-24,1.688,1.5321
2025-04-25,1.6928,1.5335
2025-04-26,1.6882,1.5286
2025-04-27,1.6885,1.5298
2025-04-28,1.6867,1.5315
2025-04-29,1.6832,1.5269
2025-04-30,1.683,1.5255
2025-05-01,1.6837,1.5263
2025-05-02,1.6824,1.5247
2025-05-03,1.6782,1.5201
2025-05-04,1.6785,1.5208
2025-05-05,1.6666,1.5134
2025-05-06,1.6633,1.5104
2025-05-07,1.6619,1.5089
2025-05-08,1.6624,1.5091
2025-05-09,1.6613,1.5077
2025-05-10,1.6571,1.5031
2025-05-11,1.6581,1.5039
2025-05-12,1.6664,1.5034
2025-05-13,1.6667,1.5025
2025-05-14,1.6668,1.5024
2025-05-15,1.6675,1.5029
2025-05-16,1.6666,1.5014
2025-05-17,1.6625,1.4968
2025-05-18,1.6641,1.4987
2025-05-19,1.6912,1.5306
2025-05-20,1.6926,1.5325
2025-05-21,1.6919,1.5322
2025-05-22,1.693,1.533
2025-05-23,1.6925,1.5325
2025-05-24,1.6885,1.528
2025-05-25,1.6887,1.5284
2025-05-26,1.684,1.5222
2025-05-27,1.6829,1.52
2025-05-28,1.6821,1.5196
2025-05-29,1.6818,1.5187
2025-05-30,1.6813,1.5182
2025-05-31,1.6779,1.5141
2025-06-01,1.6783,1.5148
2025-06-02,1.6758,1.5143
2025-06-03,1.6747,1.5131
2025-06-04,1.6742,1.5125
2025-06-05,1.6751,1.5135
2025-06-06,1.6743,1.5127
2025-06-07,1.6709,1.5093
2025-06-08,1.6725,1.511
2025-06-09,1.6786,1.5178
2025-06-10,1.6787,1.5177
2025-06-11,1.678,1.5167
2025-06-12,1.6803,1.5186
2025-06-13,1.6798,1.519
2025-06-14,1.6764,1.5154
2025-06-15,1.6772,1.5168
2025-06-16,1.6925,1.5351
2025-06-17,1.6927,1.5367
2025-06-18,1.6921,1.5359
2025-06-19,1.6922,1.5359
2025-06-20,1.6914,1.5347
2025-06-21,1.6884,1.5312
2025-06-22,1.6895,1.5335
2025-06-23,1.7146,1.6021
2025-06-24,1.7211,1.6136
2025-06-25,1.7213,1.6135
2025-06-26,1.7222,1.6151
2025-06-27,1.7209,1.6133
2025-06-28,1.7174,1.6095
2025-06-29,1.7172,1.6092
2025-06-30,1.6939,1.5766
2025-07-01,1.6903,1.5716
2025-07-02,1.6896,1.571
2025-07-03,1.6894,1.571
2025-07-04,1.6888,1.5699
2025-07-05,1.6852,1.5658
2025-07-06,1.6855,1.5663
2025-07-07,1.6754,1.5732
2025-07-08,1.6732,1.5732
2025-07-09,1.6729,1.5731
2025-07-10,1.6731,1.5732
2025-07-11,1.6734,1.5737
2025-07-12,1.67,1.57
2025-07-13,1.6709,1.5713
2025-07-14,1.6897,1.604
2025-07-15,1.6906,1.6082
2025-07-16,1.6902,1.6076
2025-07-17,1.6905,1.6085
2025-07-18,1.6903,1.6079
2025-07-19,1.6868,1.6041
2025-07-20,1.6871,1.6043
2025-07-21,1.6885,1.5991
2025-07-22,1.6881,1.5978
2025-07-23,1.6876,1.597
2025-07-24,1.6883,1.5979
2025-07-25,1.6878,1.5972
2025-07-26,1.6846,1.5939
2025-07-27,1.6851,1.5946
2025-07-28,1.6809,1.593
2025-07-29,1.6788,1.5905
2025-07-30,1.6781,1.5897
2025-07-31,1.6784,1.59
2025-08-01,1.6782,1.5894
2025-08-02,1.6745,1.5855
2025-08-03,1.6752,1.586
2025-08-04,1.7041,1.5878
2025-08-05,1.7066,1.5864
2025-08-06,1.7054,1.5858
2025-08-07,1.7057,1.5857
2025-08-08,1.7064,1.5862
2025-08-09,1.7033,1.5827
2025-08-10,1.7035,1.5828
2025-08-11,1.6959,1.5593
2025-08-12,1.693,1.5539
2025-08-13,1.6925,1.5534
2025-08-14,1.6923,1.553
2025-08-15,1.6914,1.5518
2025-08-16,1.6879,1.5484
2025-08-17,1.6887,1.5489
2025-08-18,1.6924,1.5395
2025-08-19,1.6913,1.5376
2025-08-20,1.691,1.5367
2025-08-21,1.6913,1.5369
2025-08-22,1.6919,1.5374
2025-08-23,1.6884,1.5335
2025-08-24,1.6881,1.5342
2025-08-25,1.6972,1.5448
2025-08-26,1.6971,1.5437
2025-08-27,1.6962,1.5426
2025-08-28,1.6979,1.545
2025-08-29,1.6981,1.5451
2025-08-30,1.6951,1.5419
2025-08-31,1.696,1.543
2025-09-01,1.6979,1.5484
2025-09-02,1.6974,1.5483
2025-09-03,1.6968,1.5473
2025-09-04,1.6965,1.5471
2025-09-05,1.6964,1.5469
2025-09-06,1.6934,1.5436
2025-09-07,1.6937,1.5441
2025-09-08,1.7105,1.5645
2025-09-09,1.7107,1.5649
2025-09-10,1.7092,1.5633
2025-09-11,1.7099,1.5639
2025-09-12,1.709,1.5628
2025-09-13,1.7058,1.5593
2025-09-14,1.7061,1.5598
2025-09-15,1.7097,1.5614
2025-09-16,1.7097,1.5609
2025-09-17,1.7088,1.5603
2025-09-18,1.6994,1.5545
2025-09-19,1.6999,1.5545
2025-09-20,1.6948,1.5507
2025-09-21,1.707,1.5588
2025-09-22,1.7156,1.5679
2025-09-23,1.7136,1.5678
2025-09-24,1.713,1.5672
2025-09-25,1.7127,1.5672
2025-09-26,1.7118,1.5663
2025-09-27,1.7079,1.5619
2025-09-28,1.7078,1.5619
2025-09-29,1.7068,1.5723
2025-09-30,1.707,1.5734
2025-10-01,1.7069,1.5725
2025-10-02,1.7069,1.5725
2025-10-03,1.7063,1.5712
2025-10-04,1.703,1.5675
2025-10-05,1.7033,1.5677
2025-10-06,1.7011,1.5527
2025-10-07,1.6999,1.5491
2025-10-08,1.6995,1.5485
2025-10-09,1.6995,1.5485
2025-10-10,1.699,1.5477
2025-10-11,1.6956,1.5439
2025-10-12,1.6956,1.544
2025-10-13,1.6983,1.5431
2025-10-14,1.6988,1.5421
2025-10-15,1.6983,1.5417
2025-10-16,1.6984,1.5418
2025-10-17,1.6982,1.5408
2025-10-18,1.6949,1.537
2025-10-19,1.6953,1.5372
2025-10-20,1.6966,1.5266
2025-10-21,1.6954,1.5231
2025-10-22,1.6951,1.5224
2025-10-23,1.6953,1.5227
2025-10-24,1.6943,1.5218
2025-10-25,1.6908,1.518
2025-10-26,1.691,1.5185
2025-10-27,1.686,1.542
2025-10-28,1.6847,1.5446
2025-10-29,1.6844,1.5444
2025-10-30,1.6847,1.5448
2025-10-31,1.6841,1.5439
2025-11-01,1.6806,1.5405
2025-11-02,1.6816,1.5423
2025-11-03,1.7025,1.5835
2025-11-04,1.7054,1.5887
2025-11-05,1.7055,1.5889
2025-11-06,1.7057,1.589
2025-11-07,1.7045,1.5876
2025-11-08,1.7009,1.5836
2025-11-09,1.7014,1.5841
2025-11-10,1.7057,1.604
2025-11-11,1.7044,1.6037
2025-11-12,1.7043,1.6039
2025-11-13,1.7047,1.6043
2025-11-14,1.7042,1.6035
2025-11-15,1.7011,1.6003
2025-11-16,1.7023,1.6011
2025-11-17,1.732,1.6088
2025-11-18,1.7347,1.6089
2025-11-19,1.7343,1.6081
2025-11-20,1.7344,1.6085
2025-11-21,1.734,1.6077
2025-11-22,1.7306,1.604
2025-11-23,1.7311,1.6052
2025-11-24,1.7225,1.6317
2025-11-25,1.7197,1.6335
2025-11-26,1.7198,1.6341
2025-11-27,1.7201,1.6347
2025-11-28,1.7191,1.6335
2025-11-29,1.7159,1.63
2025-11-30,1.716,1.63
2025-12-01,1.7094,1.6041
2025-12-02,1.7057,1.5962
2025-12-03,1.7048,1.5942
2025-12-04,1.7043,1.592
2025-12-05,1.7037,1.591
2025-12-06,1.7003,1.587
2025-12-07,1.7009,1.5876
2025-12-08,1.6997,1.5789
2025-12-09,1.6984,1.5754
2025-12-10,1.6968,1.5732
2025-12-11,1.6964,1.5731
2025-12-12,1.6959,1.5721
2025-12-13,1.6926,1.5682
2025-12-14,1.6926,1.5683
2025-12-15,1.6786,1.552
2025-12-16,1.6761,1.5498
2025-12-17,1.675,1.5486
2025-12-18,1.6752,1.5485
2025-12-19,1.6744,1.5476
2025-12-20,1.6709,1.5439
2025-12-21,1.671,1.544
2025-12-22,1.6505,1.5252
2025-12-23,1.6459,1.5205
2025-12-24,1.6455,1.52
2025-12-25,1.6459,1.5206
2025-12-26,1.645,1.5197
2025-12-27,1.6418,1.5159
2025-12-28,1.6424,1.5165
2025-12-29,1.6536,1.5258
2025-12-30,1.6537,1.5254
2025-12-31,1.6558,1.5282
2026-01-01,1.6613,1.5334
2026-01-02,1.6612,1.5332
2026-01-03,1.6575,1.5292
2026-01-04,1.6576,1.5295
2026-01-05,1.6561,1.534
2026-01-06,1.656,1.5349
2026-01-07,1.6557,1.5347
2026-01-08,1.6577,1.5372
2026-01-09,1.6588,1.5385
2026-01-10,1.6548,1.5343
2026-01-11,1.655,1.5345
2026-01-12,1.6589,1.5367
2026-01-13,1.6603,1.5374
2026-01-14,1.6566,1.5343
2026-01-15,1.6573,1.5349
2026-01-16,1.6598,1.5376
2026-01-17,1.6552,1.5324
2026-01-18,1.6552,1.5329
2026-01-19,1.663,1.5556
2026-01-20,1.6625,1.5574
2026-01-21,1.6622,1.5574
2026-01-22,1.6624,1.5576
2026-01-23,1.6616,1.5565
2026-01-24,1.6584,1.5531
2026-01-25,1.6589,1.5538
2026-01-26,1.6651,1.5731
2026-01-27,1.6637,1.5744
2026-01-28,1.6634,1.5738
2026-01-29,1.6638,1.5744
2026-01-30,1.6634,1.5744
2026-01-31,1.6601,1.5709
2026-02-01,1.6606,1.5716
2026-02-02,1.6649,1.5845
2026-02-03,1.6639,1.5851
2026-02-04,1.6637,1.5848
2026-02-05,1.6641,1.5862
2026-02-06,1.6641,1.5864
2026-02-07,1.6618,1.584
2026-02-08,1.6618,1.5839
2026-02-09,1.674,1.5855
2026-02-10,1.674,1.5839
2026-02-11,1.6738,1.5835
2026-02-12,1.6743,1.5842
2026-02-13,1.6743,1.5837
2026-02-14,1.6707,1.5797
2026-02-15,1.672,1.581
2026-02-16,1.6835,1.5816
2026-02-17,1.684,1.5806
2026-02-18,1.6837,1.5817
2026-02-19,1.6836,1.5813
2026-02-20,1.6842,1.582
2026-02-21,1.6808,1.5781
2026-02-22,1.6816,1.5794
2026-02-23,1.6863,1.5996
2026-02-24,1.6861,1.6012
2026-02-25,1.6851,1.6006
2026-02-26,1.6851,1.6001
2026-02-27,1.6843,1.5992
2026-02-28,1.681,1.5956
2026-03-01,1.6814,1.5962
2026-03-02,1.7028,1.6296
2026-03-03,1.705,1.6336
2026-03-04,1.7048,1.6338
2026-03-05,1.7053,1.6343
2026-03-06,1.7047,1.6349
2026-03-07,1.7017,1.6321
2026-03-08,1.7035,1.6354
2026-03-09,1.7757,1.8173
2026-03-10,1.7794,1.8342
2026-03-11,1.7789,1.8342
2026-03-12,1.7796,1.8368
2026-03-13,1.779,1.8364
2026-03-14,1.7766,1.8331
2026-03-15,1.7777,1.8344
2026-03-16,1.8486,1.9145
2026-03-17,1.8568,1.9255
2026-03-18,1.8561,1.9262
2026-03-19,1.857,1.9274
2026-03-20,1.8567,1.9274
2026-03-21,1.8543,1.9238
2026-03-22,1.8554,1.9258
2026-03-23,1.9222,2.0464
2026-03-24,1.9297,2.0647
2026-03-25,1.9297,2.0651
2026-03-26,1.9294,2.065
2026-03-27,1.9287,2.0641
2026-03-28,1.9259,2.0604
2026-03-29,1.9259,2.0608
2026-03-30,1.9168,2.0723
2026-03-31,1.9163,2.0761
2026-04-01,1.9166,2.0768
2026-04-02,1.9171,2.0776
2026-04-03,1.9166,2.077
2026-04-04,1.9135,2.0732
2026-04-05,1.9143,2.0745
2026-04-06,1.9378,2.1309
2026-04-07,1.9416,2.1411
2026-04-08,1.9417,2.1415
2026-04-09,1.9434,2.1451
2026-04-10,1.9426,2.1441
2026-04-11,1.9397,2.1403
2026-04-12,1.9398,2.1397
2026-04-13,1.9114,2.0832
2026-04-14,1.9098,2.0792
2026-04-15,1.9089,2.0771
2026-04-16,1.9087,2.0769
2026-04-17,1.908,2.0767
2026-04-18,1.9058,2.0737
2026-04-19,1.9056,2.0725
2026-04-20,1.899,1.9803
2026-04-21,1.8964,1.9695
2026-04-22,1.8958,1.9675
2026-04-23,1.8962,1.9675
2026-04-24,1.8958,1.9666
2026-04-25,1.892,1.962
2026-04-26,1.894,1.963
2026-04-27,1.927,1.958
2026-04-28,1.929,1.956
2026-04-29,1.928,1.955
2026-04-30,1.928,1.955
2026-05-01,1.927,1.954
2026-05-02,1.924,1.95
2026-05-03,1.926,1.952
2026-05-04,1.99,2.028
2026-05-05,1.994,2.034
2026-05-06,1.995,2.034
2026-05-07,1.994,2.034
2026-05-08,1.994,2.033
2026-05-09,1.991,2.029
2026-05-10,1.991,2.029
2026-05-11,1.979,1.968
2026-05-12,1.977,1.962
2026-05-13,1.976,1.961
2026-05-14,1.976,1.96
2026-05-15,1.976,1.959
2026-05-16,1.973,1.955
2026-05-17,1.973,1.956
2026-05-18,2.009,1.954
2026-05-19,2.013,1.953
2026-05-20,2.011,1.952
2026-05-21,2.011,1.952
2026-05-22,2.011,1.952
2026-05-23,2.008,1.948
2026-05-24,2.008,1.948
2026-05-25,2.023,1.958
2026-05-26,2.023,1.957
2026-05-27,2.023,1.957
2026-05-28,2.024,1.957
2026-05-29,2.023,1.956
2026-05-30,2.02,1.953
2026-05-31,2.019,1.951
2026-06-01,1.937,1.872
2026-06-02,1.929,1.862
2026-06-03,1.928,1.861
2026-06-04,1.928,1.86
2026-06-05,1.927,1.859
2026-06-06,1.923,1.855
2026-06-07,1.924,1.856
2026-06-08,1.918,1.883
2026-06-09,1.915,1.885
2026-06-10,1.915,1.884
2026-06-11,1.915,1.884
2026-06-12,1.914,1.884
2026-06-13,1.911,1.88
2026-06-14,1.911,1.88
2026-06-15,1.919,1.857
2026-06-16,1.919,1.856
2026-06-17,1.918,1.855
2026-06-18,1.918,1.855
2026-06-19,1.918,1.855
2026-06-20,1.914,1.851
2026-06-21,1.913,1.85
2026-06-22,1.882,1.779
2026-06-23,1.879,1.771
2026-06-24,1.878,1.769
2026-06-25,1.877,1.769
2026-06-26,1.876,1.768
2026-06-27,1.872,1.763
2026-06-28,1.873,1.764
2026-06-29,1.876,1.767
2026-06-30,1.877,1.767
2026-07-01,1.876,1.767
2026-07-02,1.877,1.768
2026-07-03,1.877,1.768
2026-07-04,1.873,1.763
2026-07-05,1.876,1.767
2026-07-06,1.898,1.795
2026-07-07,1.896,1.793
2026-07-08,1.893,1.792
2026-07-09,1.893,1.793
2026-07-10,1.893,1.792
2026-07-11,1.89,1.789
2026-07-12,1.891,1.79
2026-07-13,1.913,1.848
2026-07-14,1.914,1.852
2026-07-15,1.914,1.853
2026-07-16,1.915,1.853
2026-07-17,1.914,1.853
2026-07-18,1.911,1.849
2026-07-19,1.912,1.851
2026-07-20,1.972,1.96
2026-07-21,1.973,1.967
2026-07-22,1.974,1.967
2026-07-23,1.974,1.968
2026-07-24,1.974,1.968
2026-07-25,1.97,1.965
2026-07-26,1.971,1.966
2026-07-27,1.99,2.026
2026-07-28,1.993,2.042
2026-07-29,1.993,2.042
2026-07-30,1.993,2.043
2026-07-31,1.992,2.042
2026-08-01,1.989,2.039
2026-08-02,1.989,2.039
2026-08-03,1.982,2.049
2026-08-04,1.981,2.05
2026-08-05,1.98,2.05
2026-08-06,1.98,2.051
2026-08-07,1.98,2.05
2026-08-08,1.977,2.047
2026-08-09,1.976,2.046
2026-08-10,1.896,1.975
2026-08-11,1.888,1.969
2026-08-12,1.887,1.968
2026-08-13,1.885,1.967
2026-08-14,1.885,1.966
2026-08-15,1.882,1.964
2026-08-16,1.883,1.965
2026-08-17,1.954,2.026
2026-08-18,1.965,2.037
2026-08-19,1.964,2.037
2026-08-20,1.964,2.037
2026-08-21,1.964,2.037
2026-08-22,1.961,2.034
2026-08-23,1.962,2.035
2026-08-24,1.986,2.066
2026-08-25,1.989,2.07
2026-08-26,1.989,2.07
2026-08-27,1.989,2.071
2026-08-28,1.988,2.07
2026-08-29,1.986,2.067
2026-08-30,1.986,2.066
2026-08-31,2.013,2.029
2026-09-01,2.021,2.022
2026-09-02,2.022,2.019
2026-09-03,2.022,2.019
2026-09-04,2.022,2.018
2026-09-05,2.019,2.015
